compound,structure_identifier,compound_smiles,target,receptor_record_id,sair_protein_id,system,target_source_release,sair_interaction_rows_scanned,isomeric_match_count,nonisomeric_match_count,join_status,interpretation
alpha-pinene,SN0113697-03,CC1=CC[C@@H]2C[C@H]1C2(C)C,HTR1A,protein:CDBP01994,P08908,5-HT1A serotonin receptor,1.0-a7d05067088ee5b8,1489,0,0,no_join_found,No structure join in supplied SAIR projection; not biological absence
alpha-pinene,SN0113697-03,CC1=CC[C@@H]2C[C@H]1C2(C)C,HTR2A,protein:CDBP02043,P28223,5-HT2A serotonin receptor,1.0-a7d05067088ee5b8,1489,0,0,no_join_found,No structure join in supplied SAIR projection; not biological absence
alpha-pinene,SN0113697-03,CC1=CC[C@@H]2C[C@H]1C2(C)C,HTR2C,protein:CDBP02060,P28335,5-HT2C serotonin receptor,1.0-a7d05067088ee5b8,1489,0,0,no_join_found,No structure join in supplied SAIR projection; not biological absence
alpha-pinene,SN0113697-03,CC1=CC[C@@H]2C[C@H]1C2(C)C,HTR3A,protein:CDBP02156,P46098,5-HT3A serotonin receptor,1.0-a7d05067088ee5b8,1489,0,0,no_join_found,No structure join in supplied SAIR projection; not biological absence
alpha-pinene,SN0113697-03,CC1=CC[C@@H]2C[C@H]1C2(C)C,HTR7,protein:CDBP01867,P34969,5-HT7 serotonin receptor,1.0-a7d05067088ee5b8,1489,0,0,no_join_found,No structure join in supplied SAIR projection; not biological absence
alpha-pinene,SN0113697-03,CC1=CC[C@@H]2C[C@H]1C2(C)C,GABRA1,protein:CDBP03412,P14867,GABA-A alpha-1,1.0-a7d05067088ee5b8,1489,0,0,no_join_found,No structure join in supplied SAIR projection; not biological absence
alpha-pinene,SN0113697-03,CC1=CC[C@@H]2C[C@H]1C2(C)C,GABRA2,protein:CDBP03413,P47869,GABA-A alpha-2,1.0-a7d05067088ee5b8,1489,0,0,no_join_found,No structure join in supplied SAIR projection; not biological absence
alpha-pinene,SN0113697-03,CC1=CC[C@@H]2C[C@H]1C2(C)C,GABRB2,protein:CDBP03419,P47870,GABA-A beta-2,1.0-a7d05067088ee5b8,1489,0,0,no_join_found,No structure join in supplied SAIR projection; not biological absence
alpha-pinene,SN0113697-03,CC1=CC[C@@H]2C[C@H]1C2(C)C,GABRG2,protein:CDBP01864,P18507,GABA-A gamma-2,1.0-a7d05067088ee5b8,1489,0,0,no_join_found,No structure join in supplied SAIR projection; not biological absence
alpha-pinene,SN0113697-03,CC1=CC[C@@H]2C[C@H]1C2(C)C,DRD1,protein:CDBP04812,P21728,D1 dopamine receptor,1.0-a7d05067088ee5b8,1489,0,0,no_join_found,No structure join in supplied SAIR projection; not biological absence
alpha-pinene,SN0113697-03,CC1=CC[C@@H]2C[C@H]1C2(C)C,DRD2,protein:CDBP01576,P14416,D2 dopamine receptor,1.0-a7d05067088ee5b8,1489,0,0,no_join_found,No structure join in supplied SAIR projection; not biological absence
alpha-pinene,SN0113697-03,CC1=CC[C@@H]2C[C@H]1C2(C)C,CHRM2,protein:CDBP04814,P08172,muscarinic acetylcholine receptor M2,1.0-a7d05067088ee5b8,1489,0,0,no_join_found,No structure join in supplied SAIR projection; not biological absence
alpha-pinene,SN0113697-03,CC1=CC[C@@H]2C[C@H]1C2(C)C,OPRM1,protein:CDBP02036,P35372,mu opioid receptor,1.0-a7d05067088ee5b8,1489,0,0,no_join_found,No structure join in supplied SAIR projection; not biological absence
alpha-pinene,SN0113697-03,CC1=CC[C@@H]2C[C@H]1C2(C)C,CNR1,protein:CDBP04807,P21554,CB1 cannabinoid receptor,1.0-a7d05067088ee5b8,1489,0,0,no_join_found,No structure join in supplied SAIR projection; not biological absence
alpha-pinene,SN0113697-03,CC1=CC[C@@H]2C[C@H]1C2(C)C,TRPA1,protein:CDBP04867,O75762,TRPA1 sensory-neural channel,1.0-a7d05067088ee5b8,1489,0,0,no_join_found,No structure join in supplied SAIR projection; not biological absence
alpha-pinene,SN0113697-03,CC1=CC[C@@H]2C[C@H]1C2(C)C,TRPM8,protein:CDBP01847,Q7Z2W7,TRPM8 sensory channel,1.0-a7d05067088ee5b8,1489,0,0,no_join_found,No structure join in supplied SAIR projection; not biological absence
alpha-pinene,SN0113697-03,CC1=CC[C@@H]2C[C@H]1C2(C)C,TRPV1,protein:CDBP01848,Q8NER1,TRPV1 sensory channel,1.0-a7d05067088ee5b8,1489,0,0,no_join_found,No structure join in supplied SAIR projection; not biological absence
alpha-pinene,SN0113697-03,CC1=CC[C@@H]2C[C@H]1C2(C)C,GRIN1,protein:CDBP01515,Q05586,NMDA receptor subunit 1,1.0-a7d05067088ee5b8,1489,0,0,no_join_found,No structure join in supplied SAIR projection; not biological absence
alpha-pinene,SN0113697-03,CC1=CC[C@@H]2C[C@H]1C2(C)C,SLC6A4,protein:CDBP01822,P31645,serotonin transporter,1.0-a7d05067088ee5b8,1489,0,0,no_join_found,No structure join in supplied SAIR projection; not biological absence
beta-pinene,SN0419253-02,CC1(C)[C@H]2CCC(=C)[C@@H]1C2,HTR1A,protein:CDBP01994,P08908,5-HT1A serotonin receptor,1.0-a7d05067088ee5b8,1489,0,0,no_join_found,No structure join in supplied SAIR projection; not biological absence
beta-pinene,SN0419253-02,CC1(C)[C@H]2CCC(=C)[C@@H]1C2,HTR2A,protein:CDBP02043,P28223,5-HT2A serotonin receptor,1.0-a7d05067088ee5b8,1489,0,0,no_join_found,No structure join in supplied SAIR projection; not biological absence
beta-pinene,SN0419253-02,CC1(C)[C@H]2CCC(=C)[C@@H]1C2,HTR2C,protein:CDBP02060,P28335,5-HT2C serotonin receptor,1.0-a7d05067088ee5b8,1489,0,0,no_join_found,No structure join in supplied SAIR projection; not biological absence
beta-pinene,SN0419253-02,CC1(C)[C@H]2CCC(=C)[C@@H]1C2,HTR3A,protein:CDBP02156,P46098,5-HT3A serotonin receptor,1.0-a7d05067088ee5b8,1489,0,0,no_join_found,No structure join in supplied SAIR projection; not biological absence
beta-pinene,SN0419253-02,CC1(C)[C@H]2CCC(=C)[C@@H]1C2,HTR7,protein:CDBP01867,P34969,5-HT7 serotonin receptor,1.0-a7d05067088ee5b8,1489,0,0,no_join_found,No structure join in supplied SAIR projection; not biological absence
beta-pinene,SN0419253-02,CC1(C)[C@H]2CCC(=C)[C@@H]1C2,GABRA1,protein:CDBP03412,P14867,GABA-A alpha-1,1.0-a7d05067088ee5b8,1489,0,0,no_join_found,No structure join in supplied SAIR projection; not biological absence
beta-pinene,SN0419253-02,CC1(C)[C@H]2CCC(=C)[C@@H]1C2,GABRA2,protein:CDBP03413,P47869,GABA-A alpha-2,1.0-a7d05067088ee5b8,1489,0,0,no_join_found,No structure join in supplied SAIR projection; not biological absence
beta-pinene,SN0419253-02,CC1(C)[C@H]2CCC(=C)[C@@H]1C2,GABRB2,protein:CDBP03419,P47870,GABA-A beta-2,1.0-a7d05067088ee5b8,1489,0,0,no_join_found,No structure join in supplied SAIR projection; not biological absence
beta-pinene,SN0419253-02,CC1(C)[C@H]2CCC(=C)[C@@H]1C2,GABRG2,protein:CDBP01864,P18507,GABA-A gamma-2,1.0-a7d05067088ee5b8,1489,0,0,no_join_found,No structure join in supplied SAIR projection; not biological absence
beta-pinene,SN0419253-02,CC1(C)[C@H]2CCC(=C)[C@@H]1C2,DRD1,protein:CDBP04812,P21728,D1 dopamine receptor,1.0-a7d05067088ee5b8,1489,0,0,no_join_found,No structure join in supplied SAIR projection; not biological absence
beta-pinene,SN0419253-02,CC1(C)[C@H]2CCC(=C)[C@@H]1C2,DRD2,protein:CDBP01576,P14416,D2 dopamine receptor,1.0-a7d05067088ee5b8,1489,0,0,no_join_found,No structure join in supplied SAIR projection; not biological absence
beta-pinene,SN0419253-02,CC1(C)[C@H]2CCC(=C)[C@@H]1C2,CHRM2,protein:CDBP04814,P08172,muscarinic acetylcholine receptor M2,1.0-a7d05067088ee5b8,1489,0,0,no_join_found,No structure join in supplied SAIR projection; not biological absence
beta-pinene,SN0419253-02,CC1(C)[C@H]2CCC(=C)[C@@H]1C2,OPRM1,protein:CDBP02036,P35372,mu opioid receptor,1.0-a7d05067088ee5b8,1489,0,0,no_join_found,No structure join in supplied SAIR projection; not biological absence
beta-pinene,SN0419253-02,CC1(C)[C@H]2CCC(=C)[C@@H]1C2,CNR1,protein:CDBP04807,P21554,CB1 cannabinoid receptor,1.0-a7d05067088ee5b8,1489,0,0,no_join_found,No structure join in supplied SAIR projection; not biological absence
beta-pinene,SN0419253-02,CC1(C)[C@H]2CCC(=C)[C@@H]1C2,TRPA1,protein:CDBP04867,O75762,TRPA1 sensory-neural channel,1.0-a7d05067088ee5b8,1489,0,0,no_join_found,No structure join in supplied SAIR projection; not biological absence
beta-pinene,SN0419253-02,CC1(C)[C@H]2CCC(=C)[C@@H]1C2,TRPM8,protein:CDBP01847,Q7Z2W7,TRPM8 sensory channel,1.0-a7d05067088ee5b8,1489,0,0,no_join_found,No structure join in supplied SAIR projection; not biological absence
beta-pinene,SN0419253-02,CC1(C)[C@H]2CCC(=C)[C@@H]1C2,TRPV1,protein:CDBP01848,Q8NER1,TRPV1 sensory channel,1.0-a7d05067088ee5b8,1489,0,0,no_join_found,No structure join in supplied SAIR projection; not biological absence
beta-pinene,SN0419253-02,CC1(C)[C@H]2CCC(=C)[C@@H]1C2,GRIN1,protein:CDBP01515,Q05586,NMDA receptor subunit 1,1.0-a7d05067088ee5b8,1489,0,0,no_join_found,No structure join in supplied SAIR projection; not biological absence
beta-pinene,SN0419253-02,CC1(C)[C@H]2CCC(=C)[C@@H]1C2,SLC6A4,protein:CDBP01822,P31645,serotonin transporter,1.0-a7d05067088ee5b8,1489,0,0,no_join_found,No structure join in supplied SAIR projection; not biological absence
limonene,SN0434098-01,CC(=C)[C@@H]1CCC(=CC1)C,HTR1A,protein:CDBP01994,P08908,5-HT1A serotonin receptor,1.0-a7d05067088ee5b8,1489,0,0,no_join_found,No structure join in supplied SAIR projection; not biological absence
limonene,SN0434098-01,CC(=C)[C@@H]1CCC(=CC1)C,HTR2A,protein:CDBP02043,P28223,5-HT2A serotonin receptor,1.0-a7d05067088ee5b8,1489,0,0,no_join_found,No structure join in supplied SAIR projection; not biological absence
limonene,SN0434098-01,CC(=C)[C@@H]1CCC(=CC1)C,HTR2C,protein:CDBP02060,P28335,5-HT2C serotonin receptor,1.0-a7d05067088ee5b8,1489,0,0,no_join_found,No structure join in supplied SAIR projection; not biological absence
limonene,SN0434098-01,CC(=C)[C@@H]1CCC(=CC1)C,HTR3A,protein:CDBP02156,P46098,5-HT3A serotonin receptor,1.0-a7d05067088ee5b8,1489,0,0,no_join_found,No structure join in supplied SAIR projection; not biological absence
limonene,SN0434098-01,CC(=C)[C@@H]1CCC(=CC1)C,HTR7,protein:CDBP01867,P34969,5-HT7 serotonin receptor,1.0-a7d05067088ee5b8,1489,0,0,no_join_found,No structure join in supplied SAIR projection; not biological absence
limonene,SN0434098-01,CC(=C)[C@@H]1CCC(=CC1)C,GABRA1,protein:CDBP03412,P14867,GABA-A alpha-1,1.0-a7d05067088ee5b8,1489,0,0,no_join_found,No structure join in supplied SAIR projection; not biological absence
limonene,SN0434098-01,CC(=C)[C@@H]1CCC(=CC1)C,GABRA2,protein:CDBP03413,P47869,GABA-A alpha-2,1.0-a7d05067088ee5b8,1489,0,0,no_join_found,No structure join in supplied SAIR projection; not biological absence
limonene,SN0434098-01,CC(=C)[C@@H]1CCC(=CC1)C,GABRB2,protein:CDBP03419,P47870,GABA-A beta-2,1.0-a7d05067088ee5b8,1489,0,0,no_join_found,No structure join in supplied SAIR projection; not biological absence
limonene,SN0434098-01,CC(=C)[C@@H]1CCC(=CC1)C,GABRG2,protein:CDBP01864,P18507,GABA-A gamma-2,1.0-a7d05067088ee5b8,1489,0,0,no_join_found,No structure join in supplied SAIR projection; not biological absence
limonene,SN0434098-01,CC(=C)[C@@H]1CCC(=CC1)C,DRD1,protein:CDBP04812,P21728,D1 dopamine receptor,1.0-a7d05067088ee5b8,1489,0,0,no_join_found,No structure join in supplied SAIR projection; not biological absence
limonene,SN0434098-01,CC(=C)[C@@H]1CCC(=CC1)C,DRD2,protein:CDBP01576,P14416,D2 dopamine receptor,1.0-a7d05067088ee5b8,1489,0,0,no_join_found,No structure join in supplied SAIR projection; not biological absence
limonene,SN0434098-01,CC(=C)[C@@H]1CCC(=CC1)C,CHRM2,protein:CDBP04814,P08172,muscarinic acetylcholine receptor M2,1.0-a7d05067088ee5b8,1489,0,0,no_join_found,No structure join in supplied SAIR projection; not biological absence
limonene,SN0434098-01,CC(=C)[C@@H]1CCC(=CC1)C,OPRM1,protein:CDBP02036,P35372,mu opioid receptor,1.0-a7d05067088ee5b8,1489,0,0,no_join_found,No structure join in supplied SAIR projection; not biological absence
limonene,SN0434098-01,CC(=C)[C@@H]1CCC(=CC1)C,CNR1,protein:CDBP04807,P21554,CB1 cannabinoid receptor,1.0-a7d05067088ee5b8,1489,0,0,no_join_found,No structure join in supplied SAIR projection; not biological absence
limonene,SN0434098-01,CC(=C)[C@@H]1CCC(=CC1)C,TRPA1,protein:CDBP04867,O75762,TRPA1 sensory-neural channel,1.0-a7d05067088ee5b8,1489,0,0,no_join_found,No structure join in supplied SAIR projection; not biological absence
limonene,SN0434098-01,CC(=C)[C@@H]1CCC(=CC1)C,TRPM8,protein:CDBP01847,Q7Z2W7,TRPM8 sensory channel,1.0-a7d05067088ee5b8,1489,0,0,no_join_found,No structure join in supplied SAIR projection; not biological absence
limonene,SN0434098-01,CC(=C)[C@@H]1CCC(=CC1)C,TRPV1,protein:CDBP01848,Q8NER1,TRPV1 sensory channel,1.0-a7d05067088ee5b8,1489,0,0,no_join_found,No structure join in supplied SAIR projection; not biological absence
limonene,SN0434098-01,CC(=C)[C@@H]1CCC(=CC1)C,GRIN1,protein:CDBP01515,Q05586,NMDA receptor subunit 1,1.0-a7d05067088ee5b8,1489,0,0,no_join_found,No structure join in supplied SAIR projection; not biological absence
limonene,SN0434098-01,CC(=C)[C@@H]1CCC(=CC1)C,SLC6A4,protein:CDBP01822,P31645,serotonin transporter,1.0-a7d05067088ee5b8,1489,0,0,no_join_found,No structure join in supplied SAIR projection; not biological absence
limonene,SN0434098-02,CC(=C)[C@H]1CCC(=CC1)C,HTR1A,protein:CDBP01994,P08908,5-HT1A serotonin receptor,1.0-a7d05067088ee5b8,1489,0,0,no_join_found,No structure join in supplied SAIR projection; not biological absence
limonene,SN0434098-02,CC(=C)[C@H]1CCC(=CC1)C,HTR2A,protein:CDBP02043,P28223,5-HT2A serotonin receptor,1.0-a7d05067088ee5b8,1489,0,0,no_join_found,No structure join in supplied SAIR projection; not biological absence
limonene,SN0434098-02,CC(=C)[C@H]1CCC(=CC1)C,HTR2C,protein:CDBP02060,P28335,5-HT2C serotonin receptor,1.0-a7d05067088ee5b8,1489,0,0,no_join_found,No structure join in supplied SAIR projection; not biological absence
limonene,SN0434098-02,CC(=C)[C@H]1CCC(=CC1)C,HTR3A,protein:CDBP02156,P46098,5-HT3A serotonin receptor,1.0-a7d05067088ee5b8,1489,0,0,no_join_found,No structure join in supplied SAIR projection; not biological absence
limonene,SN0434098-02,CC(=C)[C@H]1CCC(=CC1)C,HTR7,protein:CDBP01867,P34969,5-HT7 serotonin receptor,1.0-a7d05067088ee5b8,1489,0,0,no_join_found,No structure join in supplied SAIR projection; not biological absence
limonene,SN0434098-02,CC(=C)[C@H]1CCC(=CC1)C,GABRA1,protein:CDBP03412,P14867,GABA-A alpha-1,1.0-a7d05067088ee5b8,1489,0,0,no_join_found,No structure join in supplied SAIR projection; not biological absence
limonene,SN0434098-02,CC(=C)[C@H]1CCC(=CC1)C,GABRA2,protein:CDBP03413,P47869,GABA-A alpha-2,1.0-a7d05067088ee5b8,1489,0,0,no_join_found,No structure join in supplied SAIR projection; not biological absence
limonene,SN0434098-02,CC(=C)[C@H]1CCC(=CC1)C,GABRB2,protein:CDBP03419,P47870,GABA-A beta-2,1.0-a7d05067088ee5b8,1489,0,0,no_join_found,No structure join in supplied SAIR projection; not biological absence
limonene,SN0434098-02,CC(=C)[C@H]1CCC(=CC1)C,GABRG2,protein:CDBP01864,P18507,GABA-A gamma-2,1.0-a7d05067088ee5b8,1489,0,0,no_join_found,No structure join in supplied SAIR projection; not biological absence
limonene,SN0434098-02,CC(=C)[C@H]1CCC(=CC1)C,DRD1,protein:CDBP04812,P21728,D1 dopamine receptor,1.0-a7d05067088ee5b8,1489,0,0,no_join_found,No structure join in supplied SAIR projection; not biological absence
limonene,SN0434098-02,CC(=C)[C@H]1CCC(=CC1)C,DRD2,protein:CDBP01576,P14416,D2 dopamine receptor,1.0-a7d05067088ee5b8,1489,0,0,no_join_found,No structure join in supplied SAIR projection; not biological absence
limonene,SN0434098-02,CC(=C)[C@H]1CCC(=CC1)C,CHRM2,protein:CDBP04814,P08172,muscarinic acetylcholine receptor M2,1.0-a7d05067088ee5b8,1489,0,0,no_join_found,No structure join in supplied SAIR projection; not biological absence
limonene,SN0434098-02,CC(=C)[C@H]1CCC(=CC1)C,OPRM1,protein:CDBP02036,P35372,mu opioid receptor,1.0-a7d05067088ee5b8,1489,0,0,no_join_found,No structure join in supplied SAIR projection; not biological absence
limonene,SN0434098-02,CC(=C)[C@H]1CCC(=CC1)C,CNR1,protein:CDBP04807,P21554,CB1 cannabinoid receptor,1.0-a7d05067088ee5b8,1489,0,0,no_join_found,No structure join in supplied SAIR projection; not biological absence
limonene,SN0434098-02,CC(=C)[C@H]1CCC(=CC1)C,TRPA1,protein:CDBP04867,O75762,TRPA1 sensory-neural channel,1.0-a7d05067088ee5b8,1489,0,0,no_join_found,No structure join in supplied SAIR projection; not biological absence
limonene,SN0434098-02,CC(=C)[C@H]1CCC(=CC1)C,TRPM8,protein:CDBP01847,Q7Z2W7,TRPM8 sensory channel,1.0-a7d05067088ee5b8,1489,0,0,no_join_found,No structure join in supplied SAIR projection; not biological absence
limonene,SN0434098-02,CC(=C)[C@H]1CCC(=CC1)C,TRPV1,protein:CDBP01848,Q8NER1,TRPV1 sensory channel,1.0-a7d05067088ee5b8,1489,0,0,no_join_found,No structure join in supplied SAIR projection; not biological absence
limonene,SN0434098-02,CC(=C)[C@H]1CCC(=CC1)C,GRIN1,protein:CDBP01515,Q05586,NMDA receptor subunit 1,1.0-a7d05067088ee5b8,1489,0,0,no_join_found,No structure join in supplied SAIR projection; not biological absence
limonene,SN0434098-02,CC(=C)[C@H]1CCC(=CC1)C,SLC6A4,protein:CDBP01822,P31645,serotonin transporter,1.0-a7d05067088ee5b8,1489,0,0,no_join_found,No structure join in supplied SAIR projection; not biological absence
linalool,SN0042830-01,CC(C)=CCC[C@@](C)(O)C=C,HTR1A,protein:CDBP01994,P08908,5-HT1A serotonin receptor,1.0-a7d05067088ee5b8,1489,0,0,no_join_found,No structure join in supplied SAIR projection; not biological absence
linalool,SN0042830-01,CC(C)=CCC[C@@](C)(O)C=C,HTR2A,protein:CDBP02043,P28223,5-HT2A serotonin receptor,1.0-a7d05067088ee5b8,1489,0,0,no_join_found,No structure join in supplied SAIR projection; not biological absence
linalool,SN0042830-01,CC(C)=CCC[C@@](C)(O)C=C,HTR2C,protein:CDBP02060,P28335,5-HT2C serotonin receptor,1.0-a7d05067088ee5b8,1489,0,0,no_join_found,No structure join in supplied SAIR projection; not biological absence
linalool,SN0042830-01,CC(C)=CCC[C@@](C)(O)C=C,HTR3A,protein:CDBP02156,P46098,5-HT3A serotonin receptor,1.0-a7d05067088ee5b8,1489,0,0,no_join_found,No structure join in supplied SAIR projection; not biological absence
linalool,SN0042830-01,CC(C)=CCC[C@@](C)(O)C=C,HTR7,protein:CDBP01867,P34969,5-HT7 serotonin receptor,1.0-a7d05067088ee5b8,1489,0,0,no_join_found,No structure join in supplied SAIR projection; not biological absence
linalool,SN0042830-01,CC(C)=CCC[C@@](C)(O)C=C,GABRA1,protein:CDBP03412,P14867,GABA-A alpha-1,1.0-a7d05067088ee5b8,1489,0,0,no_join_found,No structure join in supplied SAIR projection; not biological absence
linalool,SN0042830-01,CC(C)=CCC[C@@](C)(O)C=C,GABRA2,protein:CDBP03413,P47869,GABA-A alpha-2,1.0-a7d05067088ee5b8,1489,0,0,no_join_found,No structure join in supplied SAIR projection; not biological absence
linalool,SN0042830-01,CC(C)=CCC[C@@](C)(O)C=C,GABRB2,protein:CDBP03419,P47870,GABA-A beta-2,1.0-a7d05067088ee5b8,1489,0,0,no_join_found,No structure join in supplied SAIR projection; not biological absence
linalool,SN0042830-01,CC(C)=CCC[C@@](C)(O)C=C,GABRG2,protein:CDBP01864,P18507,GABA-A gamma-2,1.0-a7d05067088ee5b8,1489,0,0,no_join_found,No structure join in supplied SAIR projection; not biological absence
linalool,SN0042830-01,CC(C)=CCC[C@@](C)(O)C=C,DRD1,protein:CDBP04812,P21728,D1 dopamine receptor,1.0-a7d05067088ee5b8,1489,0,0,no_join_found,No structure join in supplied SAIR projection; not biological absence
linalool,SN0042830-01,CC(C)=CCC[C@@](C)(O)C=C,DRD2,protein:CDBP01576,P14416,D2 dopamine receptor,1.0-a7d05067088ee5b8,1489,0,0,no_join_found,No structure join in supplied SAIR projection; not biological absence
linalool,SN0042830-01,CC(C)=CCC[C@@](C)(O)C=C,CHRM2,protein:CDBP04814,P08172,muscarinic acetylcholine receptor M2,1.0-a7d05067088ee5b8,1489,0,0,no_join_found,No structure join in supplied SAIR projection; not biological absence
linalool,SN0042830-01,CC(C)=CCC[C@@](C)(O)C=C,OPRM1,protein:CDBP02036,P35372,mu opioid receptor,1.0-a7d05067088ee5b8,1489,0,0,no_join_found,No structure join in supplied SAIR projection; not biological absence
linalool,SN0042830-01,CC(C)=CCC[C@@](C)(O)C=C,CNR1,protein:CDBP04807,P21554,CB1 cannabinoid receptor,1.0-a7d05067088ee5b8,1489,0,0,no_join_found,No structure join in supplied SAIR projection; not biological absence
linalool,SN0042830-01,CC(C)=CCC[C@@](C)(O)C=C,TRPA1,protein:CDBP04867,O75762,TRPA1 sensory-neural channel,1.0-a7d05067088ee5b8,1489,0,0,no_join_found,No structure join in supplied SAIR projection; not biological absence
linalool,SN0042830-01,CC(C)=CCC[C@@](C)(O)C=C,TRPM8,protein:CDBP01847,Q7Z2W7,TRPM8 sensory channel,1.0-a7d05067088ee5b8,1489,0,0,no_join_found,No structure join in supplied SAIR projection; not biological absence
linalool,SN0042830-01,CC(C)=CCC[C@@](C)(O)C=C,TRPV1,protein:CDBP01848,Q8NER1,TRPV1 sensory channel,1.0-a7d05067088ee5b8,1489,0,0,no_join_found,No structure join in supplied SAIR projection; not biological absence
linalool,SN0042830-01,CC(C)=CCC[C@@](C)(O)C=C,GRIN1,protein:CDBP01515,Q05586,NMDA receptor subunit 1,1.0-a7d05067088ee5b8,1489,0,0,no_join_found,No structure join in supplied SAIR projection; not biological absence
linalool,SN0042830-01,CC(C)=CCC[C@@](C)(O)C=C,SLC6A4,protein:CDBP01822,P31645,serotonin transporter,1.0-a7d05067088ee5b8,1489,0,0,no_join_found,No structure join in supplied SAIR projection; not biological absence
linalool,SN0042830-02,CC(C)=CCC[C@](C)(O)C=C,HTR1A,protein:CDBP01994,P08908,5-HT1A serotonin receptor,1.0-a7d05067088ee5b8,1489,0,0,no_join_found,No structure join in supplied SAIR projection; not biological absence
linalool,SN0042830-02,CC(C)=CCC[C@](C)(O)C=C,HTR2A,protein:CDBP02043,P28223,5-HT2A serotonin receptor,1.0-a7d05067088ee5b8,1489,0,0,no_join_found,No structure join in supplied SAIR projection; not biological absence
linalool,SN0042830-02,CC(C)=CCC[C@](C)(O)C=C,HTR2C,protein:CDBP02060,P28335,5-HT2C serotonin receptor,1.0-a7d05067088ee5b8,1489,0,0,no_join_found,No structure join in supplied SAIR projection; not biological absence
linalool,SN0042830-02,CC(C)=CCC[C@](C)(O)C=C,HTR3A,protein:CDBP02156,P46098,5-HT3A serotonin receptor,1.0-a7d05067088ee5b8,1489,0,0,no_join_found,No structure join in supplied SAIR projection; not biological absence
linalool,SN0042830-02,CC(C)=CCC[C@](C)(O)C=C,HTR7,protein:CDBP01867,P34969,5-HT7 serotonin receptor,1.0-a7d05067088ee5b8,1489,0,0,no_join_found,No structure join in supplied SAIR projection; not biological absence
linalool,SN0042830-02,CC(C)=CCC[C@](C)(O)C=C,GABRA1,protein:CDBP03412,P14867,GABA-A alpha-1,1.0-a7d05067088ee5b8,1489,0,0,no_join_found,No structure join in supplied SAIR projection; not biological absence
linalool,SN0042830-02,CC(C)=CCC[C@](C)(O)C=C,GABRA2,protein:CDBP03413,P47869,GABA-A alpha-2,1.0-a7d05067088ee5b8,1489,0,0,no_join_found,No structure join in supplied SAIR projection; not biological absence
linalool,SN0042830-02,CC(C)=CCC[C@](C)(O)C=C,GABRB2,protein:CDBP03419,P47870,GABA-A beta-2,1.0-a7d05067088ee5b8,1489,0,0,no_join_found,No structure join in supplied SAIR projection; not biological absence
linalool,SN0042830-02,CC(C)=CCC[C@](C)(O)C=C,GABRG2,protein:CDBP01864,P18507,GABA-A gamma-2,1.0-a7d05067088ee5b8,1489,0,0,no_join_found,No structure join in supplied SAIR projection; not biological absence
linalool,SN0042830-02,CC(C)=CCC[C@](C)(O)C=C,DRD1,protein:CDBP04812,P21728,D1 dopamine receptor,1.0-a7d05067088ee5b8,1489,0,0,no_join_found,No structure join in supplied SAIR projection; not biological absence
linalool,SN0042830-02,CC(C)=CCC[C@](C)(O)C=C,DRD2,protein:CDBP01576,P14416,D2 dopamine receptor,1.0-a7d05067088ee5b8,1489,0,0,no_join_found,No structure join in supplied SAIR projection; not biological absence
linalool,SN0042830-02,CC(C)=CCC[C@](C)(O)C=C,CHRM2,protein:CDBP04814,P08172,muscarinic acetylcholine receptor M2,1.0-a7d05067088ee5b8,1489,0,0,no_join_found,No structure join in supplied SAIR projection; not biological absence
linalool,SN0042830-02,CC(C)=CCC[C@](C)(O)C=C,OPRM1,protein:CDBP02036,P35372,mu opioid receptor,1.0-a7d05067088ee5b8,1489,0,0,no_join_found,No structure join in supplied SAIR projection; not biological absence
linalool,SN0042830-02,CC(C)=CCC[C@](C)(O)C=C,CNR1,protein:CDBP04807,P21554,CB1 cannabinoid receptor,1.0-a7d05067088ee5b8,1489,0,0,no_join_found,No structure join in supplied SAIR projection; not biological absence
linalool,SN0042830-02,CC(C)=CCC[C@](C)(O)C=C,TRPA1,protein:CDBP04867,O75762,TRPA1 sensory-neural channel,1.0-a7d05067088ee5b8,1489,0,0,no_join_found,No structure join in supplied SAIR projection; not biological absence
linalool,SN0042830-02,CC(C)=CCC[C@](C)(O)C=C,TRPM8,protein:CDBP01847,Q7Z2W7,TRPM8 sensory channel,1.0-a7d05067088ee5b8,1489,0,0,no_join_found,No structure join in supplied SAIR projection; not biological absence
linalool,SN0042830-02,CC(C)=CCC[C@](C)(O)C=C,TRPV1,protein:CDBP01848,Q8NER1,TRPV1 sensory channel,1.0-a7d05067088ee5b8,1489,0,0,no_join_found,No structure join in supplied SAIR projection; not biological absence
linalool,SN0042830-02,CC(C)=CCC[C@](C)(O)C=C,GRIN1,protein:CDBP01515,Q05586,NMDA receptor subunit 1,1.0-a7d05067088ee5b8,1489,0,0,no_join_found,No structure join in supplied SAIR projection; not biological absence
linalool,SN0042830-02,CC(C)=CCC[C@](C)(O)C=C,SLC6A4,protein:CDBP01822,P31645,serotonin transporter,1.0-a7d05067088ee5b8,1489,0,0,no_join_found,No structure join in supplied SAIR projection; not biological absence
alpha-thujone,SN0378958-02,CC(C)[C@@]12C[C@@H]1[C@@H](C)C(=O)C2,HTR1A,protein:CDBP01994,P08908,5-HT1A serotonin receptor,1.0-a7d05067088ee5b8,1489,0,0,no_join_found,No structure join in supplied SAIR projection; not biological absence
alpha-thujone,SN0378958-02,CC(C)[C@@]12C[C@@H]1[C@@H](C)C(=O)C2,HTR2A,protein:CDBP02043,P28223,5-HT2A serotonin receptor,1.0-a7d05067088ee5b8,1489,0,0,no_join_found,No structure join in supplied SAIR projection; not biological absence
alpha-thujone,SN0378958-02,CC(C)[C@@]12C[C@@H]1[C@@H](C)C(=O)C2,HTR2C,protein:CDBP02060,P28335,5-HT2C serotonin receptor,1.0-a7d05067088ee5b8,1489,0,0,no_join_found,No structure join in supplied SAIR projection; not biological absence
alpha-thujone,SN0378958-02,CC(C)[C@@]12C[C@@H]1[C@@H](C)C(=O)C2,HTR3A,protein:CDBP02156,P46098,5-HT3A serotonin receptor,1.0-a7d05067088ee5b8,1489,0,0,no_join_found,No structure join in supplied SAIR projection; not biological absence
alpha-thujone,SN0378958-02,CC(C)[C@@]12C[C@@H]1[C@@H](C)C(=O)C2,HTR7,protein:CDBP01867,P34969,5-HT7 serotonin receptor,1.0-a7d05067088ee5b8,1489,0,0,no_join_found,No structure join in supplied SAIR projection; not biological absence
alpha-thujone,SN0378958-02,CC(C)[C@@]12C[C@@H]1[C@@H](C)C(=O)C2,GABRA1,protein:CDBP03412,P14867,GABA-A alpha-1,1.0-a7d05067088ee5b8,1489,0,0,no_join_found,No structure join in supplied SAIR projection; not biological absence
alpha-thujone,SN0378958-02,CC(C)[C@@]12C[C@@H]1[C@@H](C)C(=O)C2,GABRA2,protein:CDBP03413,P47869,GABA-A alpha-2,1.0-a7d05067088ee5b8,1489,0,0,no_join_found,No structure join in supplied SAIR projection; not biological absence
alpha-thujone,SN0378958-02,CC(C)[C@@]12C[C@@H]1[C@@H](C)C(=O)C2,GABRB2,protein:CDBP03419,P47870,GABA-A beta-2,1.0-a7d05067088ee5b8,1489,0,0,no_join_found,No structure join in supplied SAIR projection; not biological absence
alpha-thujone,SN0378958-02,CC(C)[C@@]12C[C@@H]1[C@@H](C)C(=O)C2,GABRG2,protein:CDBP01864,P18507,GABA-A gamma-2,1.0-a7d05067088ee5b8,1489,0,0,no_join_found,No structure join in supplied SAIR projection; not biological absence
alpha-thujone,SN0378958-02,CC(C)[C@@]12C[C@@H]1[C@@H](C)C(=O)C2,DRD1,protein:CDBP04812,P21728,D1 dopamine receptor,1.0-a7d05067088ee5b8,1489,0,0,no_join_found,No structure join in supplied SAIR projection; not biological absence
alpha-thujone,SN0378958-02,CC(C)[C@@]12C[C@@H]1[C@@H](C)C(=O)C2,DRD2,protein:CDBP01576,P14416,D2 dopamine receptor,1.0-a7d05067088ee5b8,1489,0,0,no_join_found,No structure join in supplied SAIR projection; not biological absence
alpha-thujone,SN0378958-02,CC(C)[C@@]12C[C@@H]1[C@@H](C)C(=O)C2,CHRM2,protein:CDBP04814,P08172,muscarinic acetylcholine receptor M2,1.0-a7d05067088ee5b8,1489,0,0,no_join_found,No structure join in supplied SAIR projection; not biological absence
alpha-thujone,SN0378958-02,CC(C)[C@@]12C[C@@H]1[C@@H](C)C(=O)C2,OPRM1,protein:CDBP02036,P35372,mu opioid receptor,1.0-a7d05067088ee5b8,1489,0,0,no_join_found,No structure join in supplied SAIR projection; not biological absence
alpha-thujone,SN0378958-02,CC(C)[C@@]12C[C@@H]1[C@@H](C)C(=O)C2,CNR1,protein:CDBP04807,P21554,CB1 cannabinoid receptor,1.0-a7d05067088ee5b8,1489,0,0,no_join_found,No structure join in supplied SAIR projection; not biological absence
alpha-thujone,SN0378958-02,CC(C)[C@@]12C[C@@H]1[C@@H](C)C(=O)C2,TRPA1,protein:CDBP04867,O75762,TRPA1 sensory-neural channel,1.0-a7d05067088ee5b8,1489,0,0,no_join_found,No structure join in supplied SAIR projection; not biological absence
alpha-thujone,SN0378958-02,CC(C)[C@@]12C[C@@H]1[C@@H](C)C(=O)C2,TRPM8,protein:CDBP01847,Q7Z2W7,TRPM8 sensory channel,1.0-a7d05067088ee5b8,1489,0,0,no_join_found,No structure join in supplied SAIR projection; not biological absence
alpha-thujone,SN0378958-02,CC(C)[C@@]12C[C@@H]1[C@@H](C)C(=O)C2,TRPV1,protein:CDBP01848,Q8NER1,TRPV1 sensory channel,1.0-a7d05067088ee5b8,1489,0,0,no_join_found,No structure join in supplied SAIR projection; not biological absence
alpha-thujone,SN0378958-02,CC(C)[C@@]12C[C@@H]1[C@@H](C)C(=O)C2,GRIN1,protein:CDBP01515,Q05586,NMDA receptor subunit 1,1.0-a7d05067088ee5b8,1489,0,0,no_join_found,No structure join in supplied SAIR projection; not biological absence
alpha-thujone,SN0378958-02,CC(C)[C@@]12C[C@@H]1[C@@H](C)C(=O)C2,SLC6A4,protein:CDBP01822,P31645,serotonin transporter,1.0-a7d05067088ee5b8,1489,0,0,no_join_found,No structure join in supplied SAIR projection; not biological absence
beta-thujone,SN0378958-01,CC(C)[C@]12C[C@H]1[C@@H](C)C(=O)C2,HTR1A,protein:CDBP01994,P08908,5-HT1A serotonin receptor,1.0-a7d05067088ee5b8,1489,0,0,no_join_found,No structure join in supplied SAIR projection; not biological absence
beta-thujone,SN0378958-01,CC(C)[C@]12C[C@H]1[C@@H](C)C(=O)C2,HTR2A,protein:CDBP02043,P28223,5-HT2A serotonin receptor,1.0-a7d05067088ee5b8,1489,0,0,no_join_found,No structure join in supplied SAIR projection; not biological absence
beta-thujone,SN0378958-01,CC(C)[C@]12C[C@H]1[C@@H](C)C(=O)C2,HTR2C,protein:CDBP02060,P28335,5-HT2C serotonin receptor,1.0-a7d05067088ee5b8,1489,0,0,no_join_found,No structure join in supplied SAIR projection; not biological absence
beta-thujone,SN0378958-01,CC(C)[C@]12C[C@H]1[C@@H](C)C(=O)C2,HTR3A,protein:CDBP02156,P46098,5-HT3A serotonin receptor,1.0-a7d05067088ee5b8,1489,0,0,no_join_found,No structure join in supplied SAIR projection; not biological absence
beta-thujone,SN0378958-01,CC(C)[C@]12C[C@H]1[C@@H](C)C(=O)C2,HTR7,protein:CDBP01867,P34969,5-HT7 serotonin receptor,1.0-a7d05067088ee5b8,1489,0,0,no_join_found,No structure join in supplied SAIR projection; not biological absence
beta-thujone,SN0378958-01,CC(C)[C@]12C[C@H]1[C@@H](C)C(=O)C2,GABRA1,protein:CDBP03412,P14867,GABA-A alpha-1,1.0-a7d05067088ee5b8,1489,0,0,no_join_found,No structure join in supplied SAIR projection; not biological absence
beta-thujone,SN0378958-01,CC(C)[C@]12C[C@H]1[C@@H](C)C(=O)C2,GABRA2,protein:CDBP03413,P47869,GABA-A alpha-2,1.0-a7d05067088ee5b8,1489,0,0,no_join_found,No structure join in supplied SAIR projection; not biological absence
beta-thujone,SN0378958-01,CC(C)[C@]12C[C@H]1[C@@H](C)C(=O)C2,GABRB2,protein:CDBP03419,P47870,GABA-A beta-2,1.0-a7d05067088ee5b8,1489,0,0,no_join_found,No structure join in supplied SAIR projection; not biological absence
beta-thujone,SN0378958-01,CC(C)[C@]12C[C@H]1[C@@H](C)C(=O)C2,GABRG2,protein:CDBP01864,P18507,GABA-A gamma-2,1.0-a7d05067088ee5b8,1489,0,0,no_join_found,No structure join in supplied SAIR projection; not biological absence
beta-thujone,SN0378958-01,CC(C)[C@]12C[C@H]1[C@@H](C)C(=O)C2,DRD1,protein:CDBP04812,P21728,D1 dopamine receptor,1.0-a7d05067088ee5b8,1489,0,0,no_join_found,No structure join in supplied SAIR projection; not biological absence
beta-thujone,SN0378958-01,CC(C)[C@]12C[C@H]1[C@@H](C)C(=O)C2,DRD2,protein:CDBP01576,P14416,D2 dopamine receptor,1.0-a7d05067088ee5b8,1489,0,0,no_join_found,No structure join in supplied SAIR projection; not biological absence
beta-thujone,SN0378958-01,CC(C)[C@]12C[C@H]1[C@@H](C)C(=O)C2,CHRM2,protein:CDBP04814,P08172,muscarinic acetylcholine receptor M2,1.0-a7d05067088ee5b8,1489,0,0,no_join_found,No structure join in supplied SAIR projection; not biological absence
beta-thujone,SN0378958-01,CC(C)[C@]12C[C@H]1[C@@H](C)C(=O)C2,OPRM1,protein:CDBP02036,P35372,mu opioid receptor,1.0-a7d05067088ee5b8,1489,0,0,no_join_found,No structure join in supplied SAIR projection; not biological absence
beta-thujone,SN0378958-01,CC(C)[C@]12C[C@H]1[C@@H](C)C(=O)C2,CNR1,protein:CDBP04807,P21554,CB1 cannabinoid receptor,1.0-a7d05067088ee5b8,1489,0,0,no_join_found,No structure join in supplied SAIR projection; not biological absence
beta-thujone,SN0378958-01,CC(C)[C@]12C[C@H]1[C@@H](C)C(=O)C2,TRPA1,protein:CDBP04867,O75762,TRPA1 sensory-neural channel,1.0-a7d05067088ee5b8,1489,0,0,no_join_found,No structure join in supplied SAIR projection; not biological absence
beta-thujone,SN0378958-01,CC(C)[C@]12C[C@H]1[C@@H](C)C(=O)C2,TRPM8,protein:CDBP01847,Q7Z2W7,TRPM8 sensory channel,1.0-a7d05067088ee5b8,1489,0,0,no_join_found,No structure join in supplied SAIR projection; not biological absence
beta-thujone,SN0378958-01,CC(C)[C@]12C[C@H]1[C@@H](C)C(=O)C2,TRPV1,protein:CDBP01848,Q8NER1,TRPV1 sensory channel,1.0-a7d05067088ee5b8,1489,0,0,no_join_found,No structure join in supplied SAIR projection; not biological absence
beta-thujone,SN0378958-01,CC(C)[C@]12C[C@H]1[C@@H](C)C(=O)C2,GRIN1,protein:CDBP01515,Q05586,NMDA receptor subunit 1,1.0-a7d05067088ee5b8,1489,0,0,no_join_found,No structure join in supplied SAIR projection; not biological absence
beta-thujone,SN0378958-01,CC(C)[C@]12C[C@H]1[C@@H](C)C(=O)C2,SLC6A4,protein:CDBP01822,P31645,serotonin transporter,1.0-a7d05067088ee5b8,1489,0,0,no_join_found,No structure join in supplied SAIR projection; not biological absence
fenchone,SN0205925-03,CC1(C)[C@H]2CC[C@](C)(C2)C1=O,HTR1A,protein:CDBP01994,P08908,5-HT1A serotonin receptor,1.0-a7d05067088ee5b8,1489,0,0,no_join_found,No structure join in supplied SAIR projection; not biological absence
fenchone,SN0205925-03,CC1(C)[C@H]2CC[C@](C)(C2)C1=O,HTR2A,protein:CDBP02043,P28223,5-HT2A serotonin receptor,1.0-a7d05067088ee5b8,1489,0,0,no_join_found,No structure join in supplied SAIR projection; not biological absence
fenchone,SN0205925-03,CC1(C)[C@H]2CC[C@](C)(C2)C1=O,HTR2C,protein:CDBP02060,P28335,5-HT2C serotonin receptor,1.0-a7d05067088ee5b8,1489,0,0,no_join_found,No structure join in supplied SAIR projection; not biological absence
fenchone,SN0205925-03,CC1(C)[C@H]2CC[C@](C)(C2)C1=O,HTR3A,protein:CDBP02156,P46098,5-HT3A serotonin receptor,1.0-a7d05067088ee5b8,1489,0,0,no_join_found,No structure join in supplied SAIR projection; not biological absence
fenchone,SN0205925-03,CC1(C)[C@H]2CC[C@](C)(C2)C1=O,HTR7,protein:CDBP01867,P34969,5-HT7 serotonin receptor,1.0-a7d05067088ee5b8,1489,0,0,no_join_found,No structure join in supplied SAIR projection; not biological absence
fenchone,SN0205925-03,CC1(C)[C@H]2CC[C@](C)(C2)C1=O,GABRA1,protein:CDBP03412,P14867,GABA-A alpha-1,1.0-a7d05067088ee5b8,1489,0,0,no_join_found,No structure join in supplied SAIR projection; not biological absence
fenchone,SN0205925-03,CC1(C)[C@H]2CC[C@](C)(C2)C1=O,GABRA2,protein:CDBP03413,P47869,GABA-A alpha-2,1.0-a7d05067088ee5b8,1489,0,0,no_join_found,No structure join in supplied SAIR projection; not biological absence
fenchone,SN0205925-03,CC1(C)[C@H]2CC[C@](C)(C2)C1=O,GABRB2,protein:CDBP03419,P47870,GABA-A beta-2,1.0-a7d05067088ee5b8,1489,0,0,no_join_found,No structure join in supplied SAIR projection; not biological absence
fenchone,SN0205925-03,CC1(C)[C@H]2CC[C@](C)(C2)C1=O,GABRG2,protein:CDBP01864,P18507,GABA-A gamma-2,1.0-a7d05067088ee5b8,1489,0,0,no_join_found,No structure join in supplied SAIR projection; not biological absence
fenchone,SN0205925-03,CC1(C)[C@H]2CC[C@](C)(C2)C1=O,DRD1,protein:CDBP04812,P21728,D1 dopamine receptor,1.0-a7d05067088ee5b8,1489,0,0,no_join_found,No structure join in supplied SAIR projection; not biological absence
fenchone,SN0205925-03,CC1(C)[C@H]2CC[C@](C)(C2)C1=O,DRD2,protein:CDBP01576,P14416,D2 dopamine receptor,1.0-a7d05067088ee5b8,1489,0,0,no_join_found,No structure join in supplied SAIR projection; not biological absence
fenchone,SN0205925-03,CC1(C)[C@H]2CC[C@](C)(C2)C1=O,CHRM2,protein:CDBP04814,P08172,muscarinic acetylcholine receptor M2,1.0-a7d05067088ee5b8,1489,0,0,no_join_found,No structure join in supplied SAIR projection; not biological absence
fenchone,SN0205925-03,CC1(C)[C@H]2CC[C@](C)(C2)C1=O,OPRM1,protein:CDBP02036,P35372,mu opioid receptor,1.0-a7d05067088ee5b8,1489,0,0,no_join_found,No structure join in supplied SAIR projection; not biological absence
fenchone,SN0205925-03,CC1(C)[C@H]2CC[C@](C)(C2)C1=O,CNR1,protein:CDBP04807,P21554,CB1 cannabinoid receptor,1.0-a7d05067088ee5b8,1489,0,0,no_join_found,No structure join in supplied SAIR projection; not biological absence
fenchone,SN0205925-03,CC1(C)[C@H]2CC[C@](C)(C2)C1=O,TRPA1,protein:CDBP04867,O75762,TRPA1 sensory-neural channel,1.0-a7d05067088ee5b8,1489,0,0,no_join_found,No structure join in supplied SAIR projection; not biological absence
fenchone,SN0205925-03,CC1(C)[C@H]2CC[C@](C)(C2)C1=O,TRPM8,protein:CDBP01847,Q7Z2W7,TRPM8 sensory channel,1.0-a7d05067088ee5b8,1489,0,0,no_join_found,No structure join in supplied SAIR projection; not biological absence
fenchone,SN0205925-03,CC1(C)[C@H]2CC[C@](C)(C2)C1=O,TRPV1,protein:CDBP01848,Q8NER1,TRPV1 sensory channel,1.0-a7d05067088ee5b8,1489,0,0,no_join_found,No structure join in supplied SAIR projection; not biological absence
fenchone,SN0205925-03,CC1(C)[C@H]2CC[C@](C)(C2)C1=O,GRIN1,protein:CDBP01515,Q05586,NMDA receptor subunit 1,1.0-a7d05067088ee5b8,1489,0,0,no_join_found,No structure join in supplied SAIR projection; not biological absence
fenchone,SN0205925-03,CC1(C)[C@H]2CC[C@](C)(C2)C1=O,SLC6A4,protein:CDBP01822,P31645,serotonin transporter,1.0-a7d05067088ee5b8,1489,0,0,no_join_found,No structure join in supplied SAIR projection; not biological absence
fenchone,SN0205925-06,CC1(C)[C@@H]2CC[C@@](C)(C2)C1=O,HTR1A,protein:CDBP01994,P08908,5-HT1A serotonin receptor,1.0-a7d05067088ee5b8,1489,0,0,no_join_found,No structure join in supplied SAIR projection; not biological absence
fenchone,SN0205925-06,CC1(C)[C@@H]2CC[C@@](C)(C2)C1=O,HTR2A,protein:CDBP02043,P28223,5-HT2A serotonin receptor,1.0-a7d05067088ee5b8,1489,0,0,no_join_found,No structure join in supplied SAIR projection; not biological absence
fenchone,SN0205925-06,CC1(C)[C@@H]2CC[C@@](C)(C2)C1=O,HTR2C,protein:CDBP02060,P28335,5-HT2C serotonin receptor,1.0-a7d05067088ee5b8,1489,0,0,no_join_found,No structure join in supplied SAIR projection; not biological absence
fenchone,SN0205925-06,CC1(C)[C@@H]2CC[C@@](C)(C2)C1=O,HTR3A,protein:CDBP02156,P46098,5-HT3A serotonin receptor,1.0-a7d05067088ee5b8,1489,0,0,no_join_found,No structure join in supplied SAIR projection; not biological absence
fenchone,SN0205925-06,CC1(C)[C@@H]2CC[C@@](C)(C2)C1=O,HTR7,protein:CDBP01867,P34969,5-HT7 serotonin receptor,1.0-a7d05067088ee5b8,1489,0,0,no_join_found,No structure join in supplied SAIR projection; not biological absence
fenchone,SN0205925-06,CC1(C)[C@@H]2CC[C@@](C)(C2)C1=O,GABRA1,protein:CDBP03412,P14867,GABA-A alpha-1,1.0-a7d05067088ee5b8,1489,0,0,no_join_found,No structure join in supplied SAIR projection; not biological absence
fenchone,SN0205925-06,CC1(C)[C@@H]2CC[C@@](C)(C2)C1=O,GABRA2,protein:CDBP03413,P47869,GABA-A alpha-2,1.0-a7d05067088ee5b8,1489,0,0,no_join_found,No structure join in supplied SAIR projection; not biological absence
fenchone,SN0205925-06,CC1(C)[C@@H]2CC[C@@](C)(C2)C1=O,GABRB2,protein:CDBP03419,P47870,GABA-A beta-2,1.0-a7d05067088ee5b8,1489,0,0,no_join_found,No structure join in supplied SAIR projection; not biological absence
fenchone,SN0205925-06,CC1(C)[C@@H]2CC[C@@](C)(C2)C1=O,GABRG2,protein:CDBP01864,P18507,GABA-A gamma-2,1.0-a7d05067088ee5b8,1489,0,0,no_join_found,No structure join in supplied SAIR projection; not biological absence
fenchone,SN0205925-06,CC1(C)[C@@H]2CC[C@@](C)(C2)C1=O,DRD1,protein:CDBP04812,P21728,D1 dopamine receptor,1.0-a7d05067088ee5b8,1489,0,0,no_join_found,No structure join in supplied SAIR projection; not biological absence
fenchone,SN0205925-06,CC1(C)[C@@H]2CC[C@@](C)(C2)C1=O,DRD2,protein:CDBP01576,P14416,D2 dopamine receptor,1.0-a7d05067088ee5b8,1489,0,0,no_join_found,No structure join in supplied SAIR projection; not biological absence
fenchone,SN0205925-06,CC1(C)[C@@H]2CC[C@@](C)(C2)C1=O,CHRM2,protein:CDBP04814,P08172,muscarinic acetylcholine receptor M2,1.0-a7d05067088ee5b8,1489,0,0,no_join_found,No structure join in supplied SAIR projection; not biological absence
fenchone,SN0205925-06,CC1(C)[C@@H]2CC[C@@](C)(C2)C1=O,OPRM1,protein:CDBP02036,P35372,mu opioid receptor,1.0-a7d05067088ee5b8,1489,0,0,no_join_found,No structure join in supplied SAIR projection; not biological absence
fenchone,SN0205925-06,CC1(C)[C@@H]2CC[C@@](C)(C2)C1=O,CNR1,protein:CDBP04807,P21554,CB1 cannabinoid receptor,1.0-a7d05067088ee5b8,1489,0,0,no_join_found,No structure join in supplied SAIR projection; not biological absence
fenchone,SN0205925-06,CC1(C)[C@@H]2CC[C@@](C)(C2)C1=O,TRPA1,protein:CDBP04867,O75762,TRPA1 sensory-neural channel,1.0-a7d05067088ee5b8,1489,0,0,no_join_found,No structure join in supplied SAIR projection; not biological absence
fenchone,SN0205925-06,CC1(C)[C@@H]2CC[C@@](C)(C2)C1=O,TRPM8,protein:CDBP01847,Q7Z2W7,TRPM8 sensory channel,1.0-a7d05067088ee5b8,1489,0,0,no_join_found,No structure join in supplied SAIR projection; not biological absence
fenchone,SN0205925-06,CC1(C)[C@@H]2CC[C@@](C)(C2)C1=O,TRPV1,protein:CDBP01848,Q8NER1,TRPV1 sensory channel,1.0-a7d05067088ee5b8,1489,0,0,no_join_found,No structure join in supplied SAIR projection; not biological absence
fenchone,SN0205925-06,CC1(C)[C@@H]2CC[C@@](C)(C2)C1=O,GRIN1,protein:CDBP01515,Q05586,NMDA receptor subunit 1,1.0-a7d05067088ee5b8,1489,0,0,no_join_found,No structure join in supplied SAIR projection; not biological absence
fenchone,SN0205925-06,CC1(C)[C@@H]2CC[C@@](C)(C2)C1=O,SLC6A4,protein:CDBP01822,P31645,serotonin transporter,1.0-a7d05067088ee5b8,1489,0,0,no_join_found,No structure join in supplied SAIR projection; not biological absence
trans-anethole,SN0335873-02,COc1ccc(/C=C/C)cc1,HTR1A,protein:CDBP01994,P08908,5-HT1A serotonin receptor,1.0-a7d05067088ee5b8,1489,0,0,no_join_found,No structure join in supplied SAIR projection; not biological absence
trans-anethole,SN0335873-02,COc1ccc(/C=C/C)cc1,HTR2A,protein:CDBP02043,P28223,5-HT2A serotonin receptor,1.0-a7d05067088ee5b8,1489,0,0,no_join_found,No structure join in supplied SAIR projection; not biological absence
trans-anethole,SN0335873-02,COc1ccc(/C=C/C)cc1,HTR2C,protein:CDBP02060,P28335,5-HT2C serotonin receptor,1.0-a7d05067088ee5b8,1489,0,0,no_join_found,No structure join in supplied SAIR projection; not biological absence
trans-anethole,SN0335873-02,COc1ccc(/C=C/C)cc1,HTR3A,protein:CDBP02156,P46098,5-HT3A serotonin receptor,1.0-a7d05067088ee5b8,1489,0,0,no_join_found,No structure join in supplied SAIR projection; not biological absence
trans-anethole,SN0335873-02,COc1ccc(/C=C/C)cc1,HTR7,protein:CDBP01867,P34969,5-HT7 serotonin receptor,1.0-a7d05067088ee5b8,1489,0,0,no_join_found,No structure join in supplied SAIR projection; not biological absence
trans-anethole,SN0335873-02,COc1ccc(/C=C/C)cc1,GABRA1,protein:CDBP03412,P14867,GABA-A alpha-1,1.0-a7d05067088ee5b8,1489,0,0,no_join_found,No structure join in supplied SAIR projection; not biological absence
trans-anethole,SN0335873-02,COc1ccc(/C=C/C)cc1,GABRA2,protein:CDBP03413,P47869,GABA-A alpha-2,1.0-a7d05067088ee5b8,1489,0,0,no_join_found,No structure join in supplied SAIR projection; not biological absence
trans-anethole,SN0335873-02,COc1ccc(/C=C/C)cc1,GABRB2,protein:CDBP03419,P47870,GABA-A beta-2,1.0-a7d05067088ee5b8,1489,0,0,no_join_found,No structure join in supplied SAIR projection; not biological absence
trans-anethole,SN0335873-02,COc1ccc(/C=C/C)cc1,GABRG2,protein:CDBP01864,P18507,GABA-A gamma-2,1.0-a7d05067088ee5b8,1489,0,0,no_join_found,No structure join in supplied SAIR projection; not biological absence
trans-anethole,SN0335873-02,COc1ccc(/C=C/C)cc1,DRD1,protein:CDBP04812,P21728,D1 dopamine receptor,1.0-a7d05067088ee5b8,1489,0,0,no_join_found,No structure join in supplied SAIR projection; not biological absence
trans-anethole,SN0335873-02,COc1ccc(/C=C/C)cc1,DRD2,protein:CDBP01576,P14416,D2 dopamine receptor,1.0-a7d05067088ee5b8,1489,0,0,no_join_found,No structure join in supplied SAIR projection; not biological absence
trans-anethole,SN0335873-02,COc1ccc(/C=C/C)cc1,CHRM2,protein:CDBP04814,P08172,muscarinic acetylcholine receptor M2,1.0-a7d05067088ee5b8,1489,0,0,no_join_found,No structure join in supplied SAIR projection; not biological absence
trans-anethole,SN0335873-02,COc1ccc(/C=C/C)cc1,OPRM1,protein:CDBP02036,P35372,mu opioid receptor,1.0-a7d05067088ee5b8,1489,0,0,no_join_found,No structure join in supplied SAIR projection; not biological absence
trans-anethole,SN0335873-02,COc1ccc(/C=C/C)cc1,CNR1,protein:CDBP04807,P21554,CB1 cannabinoid receptor,1.0-a7d05067088ee5b8,1489,0,0,no_join_found,No structure join in supplied SAIR projection; not biological absence
trans-anethole,SN0335873-02,COc1ccc(/C=C/C)cc1,TRPA1,protein:CDBP04867,O75762,TRPA1 sensory-neural channel,1.0-a7d05067088ee5b8,1489,0,0,no_join_found,No structure join in supplied SAIR projection; not biological absence
trans-anethole,SN0335873-02,COc1ccc(/C=C/C)cc1,TRPM8,protein:CDBP01847,Q7Z2W7,TRPM8 sensory channel,1.0-a7d05067088ee5b8,1489,0,0,no_join_found,No structure join in supplied SAIR projection; not biological absence
trans-anethole,SN0335873-02,COc1ccc(/C=C/C)cc1,TRPV1,protein:CDBP01848,Q8NER1,TRPV1 sensory channel,1.0-a7d05067088ee5b8,1489,0,0,no_join_found,No structure join in supplied SAIR projection; not biological absence
trans-anethole,SN0335873-02,COc1ccc(/C=C/C)cc1,GRIN1,protein:CDBP01515,Q05586,NMDA receptor subunit 1,1.0-a7d05067088ee5b8,1489,0,0,no_join_found,No structure join in supplied SAIR projection; not biological absence
trans-anethole,SN0335873-02,COc1ccc(/C=C/C)cc1,SLC6A4,protein:CDBP01822,P31645,serotonin transporter,1.0-a7d05067088ee5b8,1489,0,0,no_join_found,No structure join in supplied SAIR projection; not biological absence
anisaldehyde,SN0478525,COc1ccc(C=O)cc1,HTR1A,protein:CDBP01994,P08908,5-HT1A serotonin receptor,1.0-a7d05067088ee5b8,1489,0,0,no_join_found,No structure join in supplied SAIR projection; not biological absence
anisaldehyde,SN0478525,COc1ccc(C=O)cc1,HTR2A,protein:CDBP02043,P28223,5-HT2A serotonin receptor,1.0-a7d05067088ee5b8,1489,0,0,no_join_found,No structure join in supplied SAIR projection; not biological absence
anisaldehyde,SN0478525,COc1ccc(C=O)cc1,HTR2C,protein:CDBP02060,P28335,5-HT2C serotonin receptor,1.0-a7d05067088ee5b8,1489,0,0,no_join_found,No structure join in supplied SAIR projection; not biological absence
anisaldehyde,SN0478525,COc1ccc(C=O)cc1,HTR3A,protein:CDBP02156,P46098,5-HT3A serotonin receptor,1.0-a7d05067088ee5b8,1489,0,0,no_join_found,No structure join in supplied SAIR projection; not biological absence
anisaldehyde,SN0478525,COc1ccc(C=O)cc1,HTR7,protein:CDBP01867,P34969,5-HT7 serotonin receptor,1.0-a7d05067088ee5b8,1489,0,0,no_join_found,No structure join in supplied SAIR projection; not biological absence
anisaldehyde,SN0478525,COc1ccc(C=O)cc1,GABRA1,protein:CDBP03412,P14867,GABA-A alpha-1,1.0-a7d05067088ee5b8,1489,0,0,no_join_found,No structure join in supplied SAIR projection; not biological absence
anisaldehyde,SN0478525,COc1ccc(C=O)cc1,GABRA2,protein:CDBP03413,P47869,GABA-A alpha-2,1.0-a7d05067088ee5b8,1489,0,0,no_join_found,No structure join in supplied SAIR projection; not biological absence
anisaldehyde,SN0478525,COc1ccc(C=O)cc1,GABRB2,protein:CDBP03419,P47870,GABA-A beta-2,1.0-a7d05067088ee5b8,1489,0,0,no_join_found,No structure join in supplied SAIR projection; not biological absence
anisaldehyde,SN0478525,COc1ccc(C=O)cc1,GABRG2,protein:CDBP01864,P18507,GABA-A gamma-2,1.0-a7d05067088ee5b8,1489,0,0,no_join_found,No structure join in supplied SAIR projection; not biological absence
anisaldehyde,SN0478525,COc1ccc(C=O)cc1,DRD1,protein:CDBP04812,P21728,D1 dopamine receptor,1.0-a7d05067088ee5b8,1489,0,0,no_join_found,No structure join in supplied SAIR projection; not biological absence
anisaldehyde,SN0478525,COc1ccc(C=O)cc1,DRD2,protein:CDBP01576,P14416,D2 dopamine receptor,1.0-a7d05067088ee5b8,1489,0,0,no_join_found,No structure join in supplied SAIR projection; not biological absence
anisaldehyde,SN0478525,COc1ccc(C=O)cc1,CHRM2,protein:CDBP04814,P08172,muscarinic acetylcholine receptor M2,1.0-a7d05067088ee5b8,1489,0,0,no_join_found,No structure join in supplied SAIR projection; not biological absence
anisaldehyde,SN0478525,COc1ccc(C=O)cc1,OPRM1,protein:CDBP02036,P35372,mu opioid receptor,1.0-a7d05067088ee5b8,1489,0,0,no_join_found,No structure join in supplied SAIR projection; not biological absence
anisaldehyde,SN0478525,COc1ccc(C=O)cc1,CNR1,protein:CDBP04807,P21554,CB1 cannabinoid receptor,1.0-a7d05067088ee5b8,1489,0,0,no_join_found,No structure join in supplied SAIR projection; not biological absence
anisaldehyde,SN0478525,COc1ccc(C=O)cc1,TRPA1,protein:CDBP04867,O75762,TRPA1 sensory-neural channel,1.0-a7d05067088ee5b8,1489,0,0,no_join_found,No structure join in supplied SAIR projection; not biological absence
anisaldehyde,SN0478525,COc1ccc(C=O)cc1,TRPM8,protein:CDBP01847,Q7Z2W7,TRPM8 sensory channel,1.0-a7d05067088ee5b8,1489,0,0,no_join_found,No structure join in supplied SAIR projection; not biological absence
anisaldehyde,SN0478525,COc1ccc(C=O)cc1,TRPV1,protein:CDBP01848,Q8NER1,TRPV1 sensory channel,1.0-a7d05067088ee5b8,1489,0,0,no_join_found,No structure join in supplied SAIR projection; not biological absence
anisaldehyde,SN0478525,COc1ccc(C=O)cc1,GRIN1,protein:CDBP01515,Q05586,NMDA receptor subunit 1,1.0-a7d05067088ee5b8,1489,0,0,no_join_found,No structure join in supplied SAIR projection; not biological absence
anisaldehyde,SN0478525,COc1ccc(C=O)cc1,SLC6A4,protein:CDBP01822,P31645,serotonin transporter,1.0-a7d05067088ee5b8,1489,0,0,no_join_found,No structure join in supplied SAIR projection; not biological absence
methyleugenol,SN0483473,COc1ccc(CC=C)cc1OC,HTR1A,protein:CDBP01994,P08908,5-HT1A serotonin receptor,1.0-a7d05067088ee5b8,1489,0,0,no_join_found,No structure join in supplied SAIR projection; not biological absence
methyleugenol,SN0483473,COc1ccc(CC=C)cc1OC,HTR2A,protein:CDBP02043,P28223,5-HT2A serotonin receptor,1.0-a7d05067088ee5b8,1489,0,0,no_join_found,No structure join in supplied SAIR projection; not biological absence
methyleugenol,SN0483473,COc1ccc(CC=C)cc1OC,HTR2C,protein:CDBP02060,P28335,5-HT2C serotonin receptor,1.0-a7d05067088ee5b8,1489,0,0,no_join_found,No structure join in supplied SAIR projection; not biological absence
methyleugenol,SN0483473,COc1ccc(CC=C)cc1OC,HTR3A,protein:CDBP02156,P46098,5-HT3A serotonin receptor,1.0-a7d05067088ee5b8,1489,0,0,no_join_found,No structure join in supplied SAIR projection; not biological absence
methyleugenol,SN0483473,COc1ccc(CC=C)cc1OC,HTR7,protein:CDBP01867,P34969,5-HT7 serotonin receptor,1.0-a7d05067088ee5b8,1489,0,0,no_join_found,No structure join in supplied SAIR projection; not biological absence
methyleugenol,SN0483473,COc1ccc(CC=C)cc1OC,GABRA1,protein:CDBP03412,P14867,GABA-A alpha-1,1.0-a7d05067088ee5b8,1489,0,0,no_join_found,No structure join in supplied SAIR projection; not biological absence
methyleugenol,SN0483473,COc1ccc(CC=C)cc1OC,GABRA2,protein:CDBP03413,P47869,GABA-A alpha-2,1.0-a7d05067088ee5b8,1489,0,0,no_join_found,No structure join in supplied SAIR projection; not biological absence
methyleugenol,SN0483473,COc1ccc(CC=C)cc1OC,GABRB2,protein:CDBP03419,P47870,GABA-A beta-2,1.0-a7d05067088ee5b8,1489,0,0,no_join_found,No structure join in supplied SAIR projection; not biological absence
methyleugenol,SN0483473,COc1ccc(CC=C)cc1OC,GABRG2,protein:CDBP01864,P18507,GABA-A gamma-2,1.0-a7d05067088ee5b8,1489,0,0,no_join_found,No structure join in supplied SAIR projection; not biological absence
methyleugenol,SN0483473,COc1ccc(CC=C)cc1OC,DRD1,protein:CDBP04812,P21728,D1 dopamine receptor,1.0-a7d05067088ee5b8,1489,0,0,no_join_found,No structure join in supplied SAIR projection; not biological absence
methyleugenol,SN0483473,COc1ccc(CC=C)cc1OC,DRD2,protein:CDBP01576,P14416,D2 dopamine receptor,1.0-a7d05067088ee5b8,1489,0,0,no_join_found,No structure join in supplied SAIR projection; not biological absence
methyleugenol,SN0483473,COc1ccc(CC=C)cc1OC,CHRM2,protein:CDBP04814,P08172,muscarinic acetylcholine receptor M2,1.0-a7d05067088ee5b8,1489,0,0,no_join_found,No structure join in supplied SAIR projection; not biological absence
methyleugenol,SN0483473,COc1ccc(CC=C)cc1OC,OPRM1,protein:CDBP02036,P35372,mu opioid receptor,1.0-a7d05067088ee5b8,1489,0,0,no_join_found,No structure join in supplied SAIR projection; not biological absence
methyleugenol,SN0483473,COc1ccc(CC=C)cc1OC,CNR1,protein:CDBP04807,P21554,CB1 cannabinoid receptor,1.0-a7d05067088ee5b8,1489,0,0,no_join_found,No structure join in supplied SAIR projection; not biological absence
methyleugenol,SN0483473,COc1ccc(CC=C)cc1OC,TRPA1,protein:CDBP04867,O75762,TRPA1 sensory-neural channel,1.0-a7d05067088ee5b8,1489,0,0,no_join_found,No structure join in supplied SAIR projection; not biological absence
methyleugenol,SN0483473,COc1ccc(CC=C)cc1OC,TRPM8,protein:CDBP01847,Q7Z2W7,TRPM8 sensory channel,1.0-a7d05067088ee5b8,1489,0,0,no_join_found,No structure join in supplied SAIR projection; not biological absence
methyleugenol,SN0483473,COc1ccc(CC=C)cc1OC,TRPV1,protein:CDBP01848,Q8NER1,TRPV1 sensory channel,1.0-a7d05067088ee5b8,1489,0,0,no_join_found,No structure join in supplied SAIR projection; not biological absence
methyleugenol,SN0483473,COc1ccc(CC=C)cc1OC,GRIN1,protein:CDBP01515,Q05586,NMDA receptor subunit 1,1.0-a7d05067088ee5b8,1489,0,0,no_join_found,No structure join in supplied SAIR projection; not biological absence
methyleugenol,SN0483473,COc1ccc(CC=C)cc1OC,SLC6A4,protein:CDBP01822,P31645,serotonin transporter,1.0-a7d05067088ee5b8,1489,0,0,no_join_found,No structure join in supplied SAIR projection; not biological absence
chamazulene,SN0117805,CCc1ccc(C)c2ccc(C)c2c1,HTR1A,protein:CDBP01994,P08908,5-HT1A serotonin receptor,1.0-a7d05067088ee5b8,1489,0,0,no_join_found,No structure join in supplied SAIR projection; not biological absence
chamazulene,SN0117805,CCc1ccc(C)c2ccc(C)c2c1,HTR2A,protein:CDBP02043,P28223,5-HT2A serotonin receptor,1.0-a7d05067088ee5b8,1489,0,0,no_join_found,No structure join in supplied SAIR projection; not biological absence
chamazulene,SN0117805,CCc1ccc(C)c2ccc(C)c2c1,HTR2C,protein:CDBP02060,P28335,5-HT2C serotonin receptor,1.0-a7d05067088ee5b8,1489,0,0,no_join_found,No structure join in supplied SAIR projection; not biological absence
chamazulene,SN0117805,CCc1ccc(C)c2ccc(C)c2c1,HTR3A,protein:CDBP02156,P46098,5-HT3A serotonin receptor,1.0-a7d05067088ee5b8,1489,0,0,no_join_found,No structure join in supplied SAIR projection; not biological absence
chamazulene,SN0117805,CCc1ccc(C)c2ccc(C)c2c1,HTR7,protein:CDBP01867,P34969,5-HT7 serotonin receptor,1.0-a7d05067088ee5b8,1489,0,0,no_join_found,No structure join in supplied SAIR projection; not biological absence
chamazulene,SN0117805,CCc1ccc(C)c2ccc(C)c2c1,GABRA1,protein:CDBP03412,P14867,GABA-A alpha-1,1.0-a7d05067088ee5b8,1489,0,0,no_join_found,No structure join in supplied SAIR projection; not biological absence
chamazulene,SN0117805,CCc1ccc(C)c2ccc(C)c2c1,GABRA2,protein:CDBP03413,P47869,GABA-A alpha-2,1.0-a7d05067088ee5b8,1489,0,0,no_join_found,No structure join in supplied SAIR projection; not biological absence
chamazulene,SN0117805,CCc1ccc(C)c2ccc(C)c2c1,GABRB2,protein:CDBP03419,P47870,GABA-A beta-2,1.0-a7d05067088ee5b8,1489,0,0,no_join_found,No structure join in supplied SAIR projection; not biological absence
chamazulene,SN0117805,CCc1ccc(C)c2ccc(C)c2c1,GABRG2,protein:CDBP01864,P18507,GABA-A gamma-2,1.0-a7d05067088ee5b8,1489,0,0,no_join_found,No structure join in supplied SAIR projection; not biological absence
chamazulene,SN0117805,CCc1ccc(C)c2ccc(C)c2c1,DRD1,protein:CDBP04812,P21728,D1 dopamine receptor,1.0-a7d05067088ee5b8,1489,0,0,no_join_found,No structure join in supplied SAIR projection; not biological absence
chamazulene,SN0117805,CCc1ccc(C)c2ccc(C)c2c1,DRD2,protein:CDBP01576,P14416,D2 dopamine receptor,1.0-a7d05067088ee5b8,1489,0,0,no_join_found,No structure join in supplied SAIR projection; not biological absence
chamazulene,SN0117805,CCc1ccc(C)c2ccc(C)c2c1,CHRM2,protein:CDBP04814,P08172,muscarinic acetylcholine receptor M2,1.0-a7d05067088ee5b8,1489,0,0,no_join_found,No structure join in supplied SAIR projection; not biological absence
chamazulene,SN0117805,CCc1ccc(C)c2ccc(C)c2c1,OPRM1,protein:CDBP02036,P35372,mu opioid receptor,1.0-a7d05067088ee5b8,1489,0,0,no_join_found,No structure join in supplied SAIR projection; not biological absence
chamazulene,SN0117805,CCc1ccc(C)c2ccc(C)c2c1,CNR1,protein:CDBP04807,P21554,CB1 cannabinoid receptor,1.0-a7d05067088ee5b8,1489,0,0,no_join_found,No structure join in supplied SAIR projection; not biological absence
chamazulene,SN0117805,CCc1ccc(C)c2ccc(C)c2c1,TRPA1,protein:CDBP04867,O75762,TRPA1 sensory-neural channel,1.0-a7d05067088ee5b8,1489,0,0,no_join_found,No structure join in supplied SAIR projection; not biological absence
chamazulene,SN0117805,CCc1ccc(C)c2ccc(C)c2c1,TRPM8,protein:CDBP01847,Q7Z2W7,TRPM8 sensory channel,1.0-a7d05067088ee5b8,1489,0,0,no_join_found,No structure join in supplied SAIR projection; not biological absence
chamazulene,SN0117805,CCc1ccc(C)c2ccc(C)c2c1,TRPV1,protein:CDBP01848,Q8NER1,TRPV1 sensory channel,1.0-a7d05067088ee5b8,1489,0,0,no_join_found,No structure join in supplied SAIR projection; not biological absence
chamazulene,SN0117805,CCc1ccc(C)c2ccc(C)c2c1,GRIN1,protein:CDBP01515,Q05586,NMDA receptor subunit 1,1.0-a7d05067088ee5b8,1489,0,0,no_join_found,No structure join in supplied SAIR projection; not biological absence
chamazulene,SN0117805,CCc1ccc(C)c2ccc(C)c2c1,SLC6A4,protein:CDBP01822,P31645,serotonin transporter,1.0-a7d05067088ee5b8,1489,0,0,no_join_found,No structure join in supplied SAIR projection; not biological absence
absinthin,SN0299194-01,C[C@H]1[C@@H]2CC[C@](C)(O)[C@@H]3[C@H]4[C@H]5C=C(C)[C@@]6([C@H]7OC(=O)[C@@H](C)[C@@H]7CC[C@](C)(O)[C@@H]56)[C@H]4C(=C3[C@H]2OC1=O)C,HTR1A,protein:CDBP01994,P08908,5-HT1A serotonin receptor,1.0-a7d05067088ee5b8,1489,0,0,no_join_found,No structure join in supplied SAIR projection; not biological absence
absinthin,SN0299194-01,C[C@H]1[C@@H]2CC[C@](C)(O)[C@@H]3[C@H]4[C@H]5C=C(C)[C@@]6([C@H]7OC(=O)[C@@H](C)[C@@H]7CC[C@](C)(O)[C@@H]56)[C@H]4C(=C3[C@H]2OC1=O)C,HTR2A,protein:CDBP02043,P28223,5-HT2A serotonin receptor,1.0-a7d05067088ee5b8,1489,0,0,no_join_found,No structure join in supplied SAIR projection; not biological absence
absinthin,SN0299194-01,C[C@H]1[C@@H]2CC[C@](C)(O)[C@@H]3[C@H]4[C@H]5C=C(C)[C@@]6([C@H]7OC(=O)[C@@H](C)[C@@H]7CC[C@](C)(O)[C@@H]56)[C@H]4C(=C3[C@H]2OC1=O)C,HTR2C,protein:CDBP02060,P28335,5-HT2C serotonin receptor,1.0-a7d05067088ee5b8,1489,0,0,no_join_found,No structure join in supplied SAIR projection; not biological absence
absinthin,SN0299194-01,C[C@H]1[C@@H]2CC[C@](C)(O)[C@@H]3[C@H]4[C@H]5C=C(C)[C@@]6([C@H]7OC(=O)[C@@H](C)[C@@H]7CC[C@](C)(O)[C@@H]56)[C@H]4C(=C3[C@H]2OC1=O)C,HTR3A,protein:CDBP02156,P46098,5-HT3A serotonin receptor,1.0-a7d05067088ee5b8,1489,0,0,no_join_found,No structure join in supplied SAIR projection; not biological absence
absinthin,SN0299194-01,C[C@H]1[C@@H]2CC[C@](C)(O)[C@@H]3[C@H]4[C@H]5C=C(C)[C@@]6([C@H]7OC(=O)[C@@H](C)[C@@H]7CC[C@](C)(O)[C@@H]56)[C@H]4C(=C3[C@H]2OC1=O)C,HTR7,protein:CDBP01867,P34969,5-HT7 serotonin receptor,1.0-a7d05067088ee5b8,1489,0,0,no_join_found,No structure join in supplied SAIR projection; not biological absence
absinthin,SN0299194-01,C[C@H]1[C@@H]2CC[C@](C)(O)[C@@H]3[C@H]4[C@H]5C=C(C)[C@@]6([C@H]7OC(=O)[C@@H](C)[C@@H]7CC[C@](C)(O)[C@@H]56)[C@H]4C(=C3[C@H]2OC1=O)C,GABRA1,protein:CDBP03412,P14867,GABA-A alpha-1,1.0-a7d05067088ee5b8,1489,0,0,no_join_found,No structure join in supplied SAIR projection; not biological absence
absinthin,SN0299194-01,C[C@H]1[C@@H]2CC[C@](C)(O)[C@@H]3[C@H]4[C@H]5C=C(C)[C@@]6([C@H]7OC(=O)[C@@H](C)[C@@H]7CC[C@](C)(O)[C@@H]56)[C@H]4C(=C3[C@H]2OC1=O)C,GABRA2,protein:CDBP03413,P47869,GABA-A alpha-2,1.0-a7d05067088ee5b8,1489,0,0,no_join_found,No structure join in supplied SAIR projection; not biological absence
absinthin,SN0299194-01,C[C@H]1[C@@H]2CC[C@](C)(O)[C@@H]3[C@H]4[C@H]5C=C(C)[C@@]6([C@H]7OC(=O)[C@@H](C)[C@@H]7CC[C@](C)(O)[C@@H]56)[C@H]4C(=C3[C@H]2OC1=O)C,GABRB2,protein:CDBP03419,P47870,GABA-A beta-2,1.0-a7d05067088ee5b8,1489,0,0,no_join_found,No structure join in supplied SAIR projection; not biological absence
absinthin,SN0299194-01,C[C@H]1[C@@H]2CC[C@](C)(O)[C@@H]3[C@H]4[C@H]5C=C(C)[C@@]6([C@H]7OC(=O)[C@@H](C)[C@@H]7CC[C@](C)(O)[C@@H]56)[C@H]4C(=C3[C@H]2OC1=O)C,GABRG2,protein:CDBP01864,P18507,GABA-A gamma-2,1.0-a7d05067088ee5b8,1489,0,0,no_join_found,No structure join in supplied SAIR projection; not biological absence
absinthin,SN0299194-01,C[C@H]1[C@@H]2CC[C@](C)(O)[C@@H]3[C@H]4[C@H]5C=C(C)[C@@]6([C@H]7OC(=O)[C@@H](C)[C@@H]7CC[C@](C)(O)[C@@H]56)[C@H]4C(=C3[C@H]2OC1=O)C,DRD1,protein:CDBP04812,P21728,D1 dopamine receptor,1.0-a7d05067088ee5b8,1489,0,0,no_join_found,No structure join in supplied SAIR projection; not biological absence
absinthin,SN0299194-01,C[C@H]1[C@@H]2CC[C@](C)(O)[C@@H]3[C@H]4[C@H]5C=C(C)[C@@]6([C@H]7OC(=O)[C@@H](C)[C@@H]7CC[C@](C)(O)[C@@H]56)[C@H]4C(=C3[C@H]2OC1=O)C,DRD2,protein:CDBP01576,P14416,D2 dopamine receptor,1.0-a7d05067088ee5b8,1489,0,0,no_join_found,No structure join in supplied SAIR projection; not biological absence
absinthin,SN0299194-01,C[C@H]1[C@@H]2CC[C@](C)(O)[C@@H]3[C@H]4[C@H]5C=C(C)[C@@]6([C@H]7OC(=O)[C@@H](C)[C@@H]7CC[C@](C)(O)[C@@H]56)[C@H]4C(=C3[C@H]2OC1=O)C,CHRM2,protein:CDBP04814,P08172,muscarinic acetylcholine receptor M2,1.0-a7d05067088ee5b8,1489,0,0,no_join_found,No structure join in supplied SAIR projection; not biological absence
absinthin,SN0299194-01,C[C@H]1[C@@H]2CC[C@](C)(O)[C@@H]3[C@H]4[C@H]5C=C(C)[C@@]6([C@H]7OC(=O)[C@@H](C)[C@@H]7CC[C@](C)(O)[C@@H]56)[C@H]4C(=C3[C@H]2OC1=O)C,OPRM1,protein:CDBP02036,P35372,mu opioid receptor,1.0-a7d05067088ee5b8,1489,0,0,no_join_found,No structure join in supplied SAIR projection; not biological absence
absinthin,SN0299194-01,C[C@H]1[C@@H]2CC[C@](C)(O)[C@@H]3[C@H]4[C@H]5C=C(C)[C@@]6([C@H]7OC(=O)[C@@H](C)[C@@H]7CC[C@](C)(O)[C@@H]56)[C@H]4C(=C3[C@H]2OC1=O)C,CNR1,protein:CDBP04807,P21554,CB1 cannabinoid receptor,1.0-a7d05067088ee5b8,1489,0,0,no_join_found,No structure join in supplied SAIR projection; not biological absence
absinthin,SN0299194-01,C[C@H]1[C@@H]2CC[C@](C)(O)[C@@H]3[C@H]4[C@H]5C=C(C)[C@@]6([C@H]7OC(=O)[C@@H](C)[C@@H]7CC[C@](C)(O)[C@@H]56)[C@H]4C(=C3[C@H]2OC1=O)C,TRPA1,protein:CDBP04867,O75762,TRPA1 sensory-neural channel,1.0-a7d05067088ee5b8,1489,0,0,no_join_found,No structure join in supplied SAIR projection; not biological absence
absinthin,SN0299194-01,C[C@H]1[C@@H]2CC[C@](C)(O)[C@@H]3[C@H]4[C@H]5C=C(C)[C@@]6([C@H]7OC(=O)[C@@H](C)[C@@H]7CC[C@](C)(O)[C@@H]56)[C@H]4C(=C3[C@H]2OC1=O)C,TRPM8,protein:CDBP01847,Q7Z2W7,TRPM8 sensory channel,1.0-a7d05067088ee5b8,1489,0,0,no_join_found,No structure join in supplied SAIR projection; not biological absence
absinthin,SN0299194-01,C[C@H]1[C@@H]2CC[C@](C)(O)[C@@H]3[C@H]4[C@H]5C=C(C)[C@@]6([C@H]7OC(=O)[C@@H](C)[C@@H]7CC[C@](C)(O)[C@@H]56)[C@H]4C(=C3[C@H]2OC1=O)C,TRPV1,protein:CDBP01848,Q8NER1,TRPV1 sensory channel,1.0-a7d05067088ee5b8,1489,0,0,no_join_found,No structure join in supplied SAIR projection; not biological absence
absinthin,SN0299194-01,C[C@H]1[C@@H]2CC[C@](C)(O)[C@@H]3[C@H]4[C@H]5C=C(C)[C@@]6([C@H]7OC(=O)[C@@H](C)[C@@H]7CC[C@](C)(O)[C@@H]56)[C@H]4C(=C3[C@H]2OC1=O)C,GRIN1,protein:CDBP01515,Q05586,NMDA receptor subunit 1,1.0-a7d05067088ee5b8,1489,0,0,no_join_found,No structure join in supplied SAIR projection; not biological absence
absinthin,SN0299194-01,C[C@H]1[C@@H]2CC[C@](C)(O)[C@@H]3[C@H]4[C@H]5C=C(C)[C@@]6([C@H]7OC(=O)[C@@H](C)[C@@H]7CC[C@](C)(O)[C@@H]56)[C@H]4C(=C3[C@H]2OC1=O)C,SLC6A4,protein:CDBP01822,P31645,serotonin transporter,1.0-a7d05067088ee5b8,1489,0,0,no_join_found,No structure join in supplied SAIR projection; not biological absence
artabsin,SN0037820-01,C[C@H]1[C@@H]2CC[C@](C)(O)C3=CCC(=C3[C@H]2OC1=O)C,HTR1A,protein:CDBP01994,P08908,5-HT1A serotonin receptor,1.0-a7d05067088ee5b8,1489,0,0,no_join_found,No structure join in supplied SAIR projection; not biological absence
artabsin,SN0037820-01,C[C@H]1[C@@H]2CC[C@](C)(O)C3=CCC(=C3[C@H]2OC1=O)C,HTR2A,protein:CDBP02043,P28223,5-HT2A serotonin receptor,1.0-a7d05067088ee5b8,1489,0,0,no_join_found,No structure join in supplied SAIR projection; not biological absence
artabsin,SN0037820-01,C[C@H]1[C@@H]2CC[C@](C)(O)C3=CCC(=C3[C@H]2OC1=O)C,HTR2C,protein:CDBP02060,P28335,5-HT2C serotonin receptor,1.0-a7d05067088ee5b8,1489,0,0,no_join_found,No structure join in supplied SAIR projection; not biological absence
artabsin,SN0037820-01,C[C@H]1[C@@H]2CC[C@](C)(O)C3=CCC(=C3[C@H]2OC1=O)C,HTR3A,protein:CDBP02156,P46098,5-HT3A serotonin receptor,1.0-a7d05067088ee5b8,1489,0,0,no_join_found,No structure join in supplied SAIR projection; not biological absence
artabsin,SN0037820-01,C[C@H]1[C@@H]2CC[C@](C)(O)C3=CCC(=C3[C@H]2OC1=O)C,HTR7,protein:CDBP01867,P34969,5-HT7 serotonin receptor,1.0-a7d05067088ee5b8,1489,0,0,no_join_found,No structure join in supplied SAIR projection; not biological absence
artabsin,SN0037820-01,C[C@H]1[C@@H]2CC[C@](C)(O)C3=CCC(=C3[C@H]2OC1=O)C,GABRA1,protein:CDBP03412,P14867,GABA-A alpha-1,1.0-a7d05067088ee5b8,1489,0,0,no_join_found,No structure join in supplied SAIR projection; not biological absence
artabsin,SN0037820-01,C[C@H]1[C@@H]2CC[C@](C)(O)C3=CCC(=C3[C@H]2OC1=O)C,GABRA2,protein:CDBP03413,P47869,GABA-A alpha-2,1.0-a7d05067088ee5b8,1489,0,0,no_join_found,No structure join in supplied SAIR projection; not biological absence
artabsin,SN0037820-01,C[C@H]1[C@@H]2CC[C@](C)(O)C3=CCC(=C3[C@H]2OC1=O)C,GABRB2,protein:CDBP03419,P47870,GABA-A beta-2,1.0-a7d05067088ee5b8,1489,0,0,no_join_found,No structure join in supplied SAIR projection; not biological absence
artabsin,SN0037820-01,C[C@H]1[C@@H]2CC[C@](C)(O)C3=CCC(=C3[C@H]2OC1=O)C,GABRG2,protein:CDBP01864,P18507,GABA-A gamma-2,1.0-a7d05067088ee5b8,1489,0,0,no_join_found,No structure join in supplied SAIR projection; not biological absence
artabsin,SN0037820-01,C[C@H]1[C@@H]2CC[C@](C)(O)C3=CCC(=C3[C@H]2OC1=O)C,DRD1,protein:CDBP04812,P21728,D1 dopamine receptor,1.0-a7d05067088ee5b8,1489,0,0,no_join_found,No structure join in supplied SAIR projection; not biological absence
artabsin,SN0037820-01,C[C@H]1[C@@H]2CC[C@](C)(O)C3=CCC(=C3[C@H]2OC1=O)C,DRD2,protein:CDBP01576,P14416,D2 dopamine receptor,1.0-a7d05067088ee5b8,1489,0,0,no_join_found,No structure join in supplied SAIR projection; not biological absence
artabsin,SN0037820-01,C[C@H]1[C@@H]2CC[C@](C)(O)C3=CCC(=C3[C@H]2OC1=O)C,CHRM2,protein:CDBP04814,P08172,muscarinic acetylcholine receptor M2,1.0-a7d05067088ee5b8,1489,0,0,no_join_found,No structure join in supplied SAIR projection; not biological absence
artabsin,SN0037820-01,C[C@H]1[C@@H]2CC[C@](C)(O)C3=CCC(=C3[C@H]2OC1=O)C,OPRM1,protein:CDBP02036,P35372,mu opioid receptor,1.0-a7d05067088ee5b8,1489,0,0,no_join_found,No structure join in supplied SAIR projection; not biological absence
artabsin,SN0037820-01,C[C@H]1[C@@H]2CC[C@](C)(O)C3=CCC(=C3[C@H]2OC1=O)C,CNR1,protein:CDBP04807,P21554,CB1 cannabinoid receptor,1.0-a7d05067088ee5b8,1489,0,0,no_join_found,No structure join in supplied SAIR projection; not biological absence
artabsin,SN0037820-01,C[C@H]1[C@@H]2CC[C@](C)(O)C3=CCC(=C3[C@H]2OC1=O)C,TRPA1,protein:CDBP04867,O75762,TRPA1 sensory-neural channel,1.0-a7d05067088ee5b8,1489,0,0,no_join_found,No structure join in supplied SAIR projection; not biological absence
artabsin,SN0037820-01,C[C@H]1[C@@H]2CC[C@](C)(O)C3=CCC(=C3[C@H]2OC1=O)C,TRPM8,protein:CDBP01847,Q7Z2W7,TRPM8 sensory channel,1.0-a7d05067088ee5b8,1489,0,0,no_join_found,No structure join in supplied SAIR projection; not biological absence
artabsin,SN0037820-01,C[C@H]1[C@@H]2CC[C@](C)(O)C3=CCC(=C3[C@H]2OC1=O)C,TRPV1,protein:CDBP01848,Q8NER1,TRPV1 sensory channel,1.0-a7d05067088ee5b8,1489,0,0,no_join_found,No structure join in supplied SAIR projection; not biological absence
artabsin,SN0037820-01,C[C@H]1[C@@H]2CC[C@](C)(O)C3=CCC(=C3[C@H]2OC1=O)C,GRIN1,protein:CDBP01515,Q05586,NMDA receptor subunit 1,1.0-a7d05067088ee5b8,1489,0,0,no_join_found,No structure join in supplied SAIR projection; not biological absence
artabsin,SN0037820-01,C[C@H]1[C@@H]2CC[C@](C)(O)C3=CCC(=C3[C@H]2OC1=O)C,SLC6A4,protein:CDBP01822,P31645,serotonin transporter,1.0-a7d05067088ee5b8,1489,0,0,no_join_found,No structure join in supplied SAIR projection; not biological absence
alpha-pinene,SN0113697-01,CC1=CC[C@H]2CC1C2(C)C,HTR1A,protein:CDBP01994,P08908,5-HT1A serotonin receptor,1.0-a7d05067088ee5b8,1489,0,0,no_join_found,No structure join in supplied SAIR projection; not biological absence
alpha-pinene,SN0113697-01,CC1=CC[C@H]2CC1C2(C)C,HTR2A,protein:CDBP02043,P28223,5-HT2A serotonin receptor,1.0-a7d05067088ee5b8,1489,0,0,no_join_found,No structure join in supplied SAIR projection; not biological absence
alpha-pinene,SN0113697-01,CC1=CC[C@H]2CC1C2(C)C,HTR2C,protein:CDBP02060,P28335,5-HT2C serotonin receptor,1.0-a7d05067088ee5b8,1489,0,0,no_join_found,No structure join in supplied SAIR projection; not biological absence
alpha-pinene,SN0113697-01,CC1=CC[C@H]2CC1C2(C)C,HTR3A,protein:CDBP02156,P46098,5-HT3A serotonin receptor,1.0-a7d05067088ee5b8,1489,0,0,no_join_found,No structure join in supplied SAIR projection; not biological absence
alpha-pinene,SN0113697-01,CC1=CC[C@H]2CC1C2(C)C,HTR7,protein:CDBP01867,P34969,5-HT7 serotonin receptor,1.0-a7d05067088ee5b8,1489,0,0,no_join_found,No structure join in supplied SAIR projection; not biological absence
alpha-pinene,SN0113697-01,CC1=CC[C@H]2CC1C2(C)C,GABRA1,protein:CDBP03412,P14867,GABA-A alpha-1,1.0-a7d05067088ee5b8,1489,0,0,no_join_found,No structure join in supplied SAIR projection; not biological absence
alpha-pinene,SN0113697-01,CC1=CC[C@H]2CC1C2(C)C,GABRA2,protein:CDBP03413,P47869,GABA-A alpha-2,1.0-a7d05067088ee5b8,1489,0,0,no_join_found,No structure join in supplied SAIR projection; not biological absence
alpha-pinene,SN0113697-01,CC1=CC[C@H]2CC1C2(C)C,GABRB2,protein:CDBP03419,P47870,GABA-A beta-2,1.0-a7d05067088ee5b8,1489,0,0,no_join_found,No structure join in supplied SAIR projection; not biological absence
alpha-pinene,SN0113697-01,CC1=CC[C@H]2CC1C2(C)C,GABRG2,protein:CDBP01864,P18507,GABA-A gamma-2,1.0-a7d05067088ee5b8,1489,0,0,no_join_found,No structure join in supplied SAIR projection; not biological absence
alpha-pinene,SN0113697-01,CC1=CC[C@H]2CC1C2(C)C,DRD1,protein:CDBP04812,P21728,D1 dopamine receptor,1.0-a7d05067088ee5b8,1489,0,0,no_join_found,No structure join in supplied SAIR projection; not biological absence
alpha-pinene,SN0113697-01,CC1=CC[C@H]2CC1C2(C)C,DRD2,protein:CDBP01576,P14416,D2 dopamine receptor,1.0-a7d05067088ee5b8,1489,0,0,no_join_found,No structure join in supplied SAIR projection; not biological absence
alpha-pinene,SN0113697-01,CC1=CC[C@H]2CC1C2(C)C,CHRM2,protein:CDBP04814,P08172,muscarinic acetylcholine receptor M2,1.0-a7d05067088ee5b8,1489,0,0,no_join_found,No structure join in supplied SAIR projection; not biological absence
alpha-pinene,SN0113697-01,CC1=CC[C@H]2CC1C2(C)C,OPRM1,protein:CDBP02036,P35372,mu opioid receptor,1.0-a7d05067088ee5b8,1489,0,0,no_join_found,No structure join in supplied SAIR projection; not biological absence
alpha-pinene,SN0113697-01,CC1=CC[C@H]2CC1C2(C)C,CNR1,protein:CDBP04807,P21554,CB1 cannabinoid receptor,1.0-a7d05067088ee5b8,1489,0,0,no_join_found,No structure join in supplied SAIR projection; not biological absence
alpha-pinene,SN0113697-01,CC1=CC[C@H]2CC1C2(C)C,TRPA1,protein:CDBP04867,O75762,TRPA1 sensory-neural channel,1.0-a7d05067088ee5b8,1489,0,0,no_join_found,No structure join in supplied SAIR projection; not biological absence
alpha-pinene,SN0113697-01,CC1=CC[C@H]2CC1C2(C)C,TRPM8,protein:CDBP01847,Q7Z2W7,TRPM8 sensory channel,1.0-a7d05067088ee5b8,1489,0,0,no_join_found,No structure join in supplied SAIR projection; not biological absence
alpha-pinene,SN0113697-01,CC1=CC[C@H]2CC1C2(C)C,TRPV1,protein:CDBP01848,Q8NER1,TRPV1 sensory channel,1.0-a7d05067088ee5b8,1489,0,0,no_join_found,No structure join in supplied SAIR projection; not biological absence
alpha-pinene,SN0113697-01,CC1=CC[C@H]2CC1C2(C)C,GRIN1,protein:CDBP01515,Q05586,NMDA receptor subunit 1,1.0-a7d05067088ee5b8,1489,0,0,no_join_found,No structure join in supplied SAIR projection; not biological absence
alpha-pinene,SN0113697-01,CC1=CC[C@H]2CC1C2(C)C,SLC6A4,protein:CDBP01822,P31645,serotonin transporter,1.0-a7d05067088ee5b8,1489,0,0,no_join_found,No structure join in supplied SAIR projection; not biological absence
beta-pinene,SN0419253-01,CC1(C)C2CCC(=C)[C@@H]1C2,HTR1A,protein:CDBP01994,P08908,5-HT1A serotonin receptor,1.0-a7d05067088ee5b8,1489,0,0,no_join_found,No structure join in supplied SAIR projection; not biological absence
beta-pinene,SN0419253-01,CC1(C)C2CCC(=C)[C@@H]1C2,HTR2A,protein:CDBP02043,P28223,5-HT2A serotonin receptor,1.0-a7d05067088ee5b8,1489,0,0,no_join_found,No structure join in supplied SAIR projection; not biological absence
beta-pinene,SN0419253-01,CC1(C)C2CCC(=C)[C@@H]1C2,HTR2C,protein:CDBP02060,P28335,5-HT2C serotonin receptor,1.0-a7d05067088ee5b8,1489,0,0,no_join_found,No structure join in supplied SAIR projection; not biological absence
beta-pinene,SN0419253-01,CC1(C)C2CCC(=C)[C@@H]1C2,HTR3A,protein:CDBP02156,P46098,5-HT3A serotonin receptor,1.0-a7d05067088ee5b8,1489,0,0,no_join_found,No structure join in supplied SAIR projection; not biological absence
beta-pinene,SN0419253-01,CC1(C)C2CCC(=C)[C@@H]1C2,HTR7,protein:CDBP01867,P34969,5-HT7 serotonin receptor,1.0-a7d05067088ee5b8,1489,0,0,no_join_found,No structure join in supplied SAIR projection; not biological absence
beta-pinene,SN0419253-01,CC1(C)C2CCC(=C)[C@@H]1C2,GABRA1,protein:CDBP03412,P14867,GABA-A alpha-1,1.0-a7d05067088ee5b8,1489,0,0,no_join_found,No structure join in supplied SAIR projection; not biological absence
beta-pinene,SN0419253-01,CC1(C)C2CCC(=C)[C@@H]1C2,GABRA2,protein:CDBP03413,P47869,GABA-A alpha-2,1.0-a7d05067088ee5b8,1489,0,0,no_join_found,No structure join in supplied SAIR projection; not biological absence
beta-pinene,SN0419253-01,CC1(C)C2CCC(=C)[C@@H]1C2,GABRB2,protein:CDBP03419,P47870,GABA-A beta-2,1.0-a7d05067088ee5b8,1489,0,0,no_join_found,No structure join in supplied SAIR projection; not biological absence
beta-pinene,SN0419253-01,CC1(C)C2CCC(=C)[C@@H]1C2,GABRG2,protein:CDBP01864,P18507,GABA-A gamma-2,1.0-a7d05067088ee5b8,1489,0,0,no_join_found,No structure join in supplied SAIR projection; not biological absence
beta-pinene,SN0419253-01,CC1(C)C2CCC(=C)[C@@H]1C2,DRD1,protein:CDBP04812,P21728,D1 dopamine receptor,1.0-a7d05067088ee5b8,1489,0,0,no_join_found,No structure join in supplied SAIR projection; not biological absence
beta-pinene,SN0419253-01,CC1(C)C2CCC(=C)[C@@H]1C2,DRD2,protein:CDBP01576,P14416,D2 dopamine receptor,1.0-a7d05067088ee5b8,1489,0,0,no_join_found,No structure join in supplied SAIR projection; not biological absence
beta-pinene,SN0419253-01,CC1(C)C2CCC(=C)[C@@H]1C2,CHRM2,protein:CDBP04814,P08172,muscarinic acetylcholine receptor M2,1.0-a7d05067088ee5b8,1489,0,0,no_join_found,No structure join in supplied SAIR projection; not biological absence
beta-pinene,SN0419253-01,CC1(C)C2CCC(=C)[C@@H]1C2,OPRM1,protein:CDBP02036,P35372,mu opioid receptor,1.0-a7d05067088ee5b8,1489,0,0,no_join_found,No structure join in supplied SAIR projection; not biological absence
beta-pinene,SN0419253-01,CC1(C)C2CCC(=C)[C@@H]1C2,CNR1,protein:CDBP04807,P21554,CB1 cannabinoid receptor,1.0-a7d05067088ee5b8,1489,0,0,no_join_found,No structure join in supplied SAIR projection; not biological absence
beta-pinene,SN0419253-01,CC1(C)C2CCC(=C)[C@@H]1C2,TRPA1,protein:CDBP04867,O75762,TRPA1 sensory-neural channel,1.0-a7d05067088ee5b8,1489,0,0,no_join_found,No structure join in supplied SAIR projection; not biological absence
beta-pinene,SN0419253-01,CC1(C)C2CCC(=C)[C@@H]1C2,TRPM8,protein:CDBP01847,Q7Z2W7,TRPM8 sensory channel,1.0-a7d05067088ee5b8,1489,0,0,no_join_found,No structure join in supplied SAIR projection; not biological absence
beta-pinene,SN0419253-01,CC1(C)C2CCC(=C)[C@@H]1C2,TRPV1,protein:CDBP01848,Q8NER1,TRPV1 sensory channel,1.0-a7d05067088ee5b8,1489,0,0,no_join_found,No structure join in supplied SAIR projection; not biological absence
beta-pinene,SN0419253-01,CC1(C)C2CCC(=C)[C@@H]1C2,GRIN1,protein:CDBP01515,Q05586,NMDA receptor subunit 1,1.0-a7d05067088ee5b8,1489,0,0,no_join_found,No structure join in supplied SAIR projection; not biological absence
beta-pinene,SN0419253-01,CC1(C)C2CCC(=C)[C@@H]1C2,SLC6A4,protein:CDBP01822,P31645,serotonin transporter,1.0-a7d05067088ee5b8,1489,0,0,no_join_found,No structure join in supplied SAIR projection; not biological absence
beta-myrcene,SN0364992,CC(C)=CCCC(=C)C=C,HTR1A,protein:CDBP01994,P08908,5-HT1A serotonin receptor,1.0-a7d05067088ee5b8,1489,0,0,no_join_found,No structure join in supplied SAIR projection; not biological absence
beta-myrcene,SN0364992,CC(C)=CCCC(=C)C=C,HTR2A,protein:CDBP02043,P28223,5-HT2A serotonin receptor,1.0-a7d05067088ee5b8,1489,0,0,no_join_found,No structure join in supplied SAIR projection; not biological absence
beta-myrcene,SN0364992,CC(C)=CCCC(=C)C=C,HTR2C,protein:CDBP02060,P28335,5-HT2C serotonin receptor,1.0-a7d05067088ee5b8,1489,0,0,no_join_found,No structure join in supplied SAIR projection; not biological absence
beta-myrcene,SN0364992,CC(C)=CCCC(=C)C=C,HTR3A,protein:CDBP02156,P46098,5-HT3A serotonin receptor,1.0-a7d05067088ee5b8,1489,0,0,no_join_found,No structure join in supplied SAIR projection; not biological absence
beta-myrcene,SN0364992,CC(C)=CCCC(=C)C=C,HTR7,protein:CDBP01867,P34969,5-HT7 serotonin receptor,1.0-a7d05067088ee5b8,1489,0,0,no_join_found,No structure join in supplied SAIR projection; not biological absence
beta-myrcene,SN0364992,CC(C)=CCCC(=C)C=C,GABRA1,protein:CDBP03412,P14867,GABA-A alpha-1,1.0-a7d05067088ee5b8,1489,0,0,no_join_found,No structure join in supplied SAIR projection; not biological absence
beta-myrcene,SN0364992,CC(C)=CCCC(=C)C=C,GABRA2,protein:CDBP03413,P47869,GABA-A alpha-2,1.0-a7d05067088ee5b8,1489,0,0,no_join_found,No structure join in supplied SAIR projection; not biological absence
beta-myrcene,SN0364992,CC(C)=CCCC(=C)C=C,GABRB2,protein:CDBP03419,P47870,GABA-A beta-2,1.0-a7d05067088ee5b8,1489,0,0,no_join_found,No structure join in supplied SAIR projection; not biological absence
beta-myrcene,SN0364992,CC(C)=CCCC(=C)C=C,GABRG2,protein:CDBP01864,P18507,GABA-A gamma-2,1.0-a7d05067088ee5b8,1489,0,0,no_join_found,No structure join in supplied SAIR projection; not biological absence
beta-myrcene,SN0364992,CC(C)=CCCC(=C)C=C,DRD1,protein:CDBP04812,P21728,D1 dopamine receptor,1.0-a7d05067088ee5b8,1489,0,0,no_join_found,No structure join in supplied SAIR projection; not biological absence
beta-myrcene,SN0364992,CC(C)=CCCC(=C)C=C,DRD2,protein:CDBP01576,P14416,D2 dopamine receptor,1.0-a7d05067088ee5b8,1489,0,0,no_join_found,No structure join in supplied SAIR projection; not biological absence
beta-myrcene,SN0364992,CC(C)=CCCC(=C)C=C,CHRM2,protein:CDBP04814,P08172,muscarinic acetylcholine receptor M2,1.0-a7d05067088ee5b8,1489,0,0,no_join_found,No structure join in supplied SAIR projection; not biological absence
beta-myrcene,SN0364992,CC(C)=CCCC(=C)C=C,OPRM1,protein:CDBP02036,P35372,mu opioid receptor,1.0-a7d05067088ee5b8,1489,0,0,no_join_found,No structure join in supplied SAIR projection; not biological absence
beta-myrcene,SN0364992,CC(C)=CCCC(=C)C=C,CNR1,protein:CDBP04807,P21554,CB1 cannabinoid receptor,1.0-a7d05067088ee5b8,1489,0,0,no_join_found,No structure join in supplied SAIR projection; not biological absence
beta-myrcene,SN0364992,CC(C)=CCCC(=C)C=C,TRPA1,protein:CDBP04867,O75762,TRPA1 sensory-neural channel,1.0-a7d05067088ee5b8,1489,0,0,no_join_found,No structure join in supplied SAIR projection; not biological absence
beta-myrcene,SN0364992,CC(C)=CCCC(=C)C=C,TRPM8,protein:CDBP01847,Q7Z2W7,TRPM8 sensory channel,1.0-a7d05067088ee5b8,1489,0,0,no_join_found,No structure join in supplied SAIR projection; not biological absence
beta-myrcene,SN0364992,CC(C)=CCCC(=C)C=C,TRPV1,protein:CDBP01848,Q8NER1,TRPV1 sensory channel,1.0-a7d05067088ee5b8,1489,0,0,no_join_found,No structure join in supplied SAIR projection; not biological absence
beta-myrcene,SN0364992,CC(C)=CCCC(=C)C=C,GRIN1,protein:CDBP01515,Q05586,NMDA receptor subunit 1,1.0-a7d05067088ee5b8,1489,0,0,no_join_found,No structure join in supplied SAIR projection; not biological absence
beta-myrcene,SN0364992,CC(C)=CCCC(=C)C=C,SLC6A4,protein:CDBP01822,P31645,serotonin transporter,1.0-a7d05067088ee5b8,1489,0,0,no_join_found,No structure join in supplied SAIR projection; not biological absence
gamma-terpinene,SN0452646,CC(C)C1=CCC(=CC1)C,HTR1A,protein:CDBP01994,P08908,5-HT1A serotonin receptor,1.0-a7d05067088ee5b8,1489,0,0,no_join_found,No structure join in supplied SAIR projection; not biological absence
gamma-terpinene,SN0452646,CC(C)C1=CCC(=CC1)C,HTR2A,protein:CDBP02043,P28223,5-HT2A serotonin receptor,1.0-a7d05067088ee5b8,1489,0,0,no_join_found,No structure join in supplied SAIR projection; not biological absence
gamma-terpinene,SN0452646,CC(C)C1=CCC(=CC1)C,HTR2C,protein:CDBP02060,P28335,5-HT2C serotonin receptor,1.0-a7d05067088ee5b8,1489,0,0,no_join_found,No structure join in supplied SAIR projection; not biological absence
gamma-terpinene,SN0452646,CC(C)C1=CCC(=CC1)C,HTR3A,protein:CDBP02156,P46098,5-HT3A serotonin receptor,1.0-a7d05067088ee5b8,1489,0,0,no_join_found,No structure join in supplied SAIR projection; not biological absence
gamma-terpinene,SN0452646,CC(C)C1=CCC(=CC1)C,HTR7,protein:CDBP01867,P34969,5-HT7 serotonin receptor,1.0-a7d05067088ee5b8,1489,0,0,no_join_found,No structure join in supplied SAIR projection; not biological absence
gamma-terpinene,SN0452646,CC(C)C1=CCC(=CC1)C,GABRA1,protein:CDBP03412,P14867,GABA-A alpha-1,1.0-a7d05067088ee5b8,1489,0,0,no_join_found,No structure join in supplied SAIR projection; not biological absence
gamma-terpinene,SN0452646,CC(C)C1=CCC(=CC1)C,GABRA2,protein:CDBP03413,P47869,GABA-A alpha-2,1.0-a7d05067088ee5b8,1489,0,0,no_join_found,No structure join in supplied SAIR projection; not biological absence
gamma-terpinene,SN0452646,CC(C)C1=CCC(=CC1)C,GABRB2,protein:CDBP03419,P47870,GABA-A beta-2,1.0-a7d05067088ee5b8,1489,0,0,no_join_found,No structure join in supplied SAIR projection; not biological absence
gamma-terpinene,SN0452646,CC(C)C1=CCC(=CC1)C,GABRG2,protein:CDBP01864,P18507,GABA-A gamma-2,1.0-a7d05067088ee5b8,1489,0,0,no_join_found,No structure join in supplied SAIR projection; not biological absence
gamma-terpinene,SN0452646,CC(C)C1=CCC(=CC1)C,DRD1,protein:CDBP04812,P21728,D1 dopamine receptor,1.0-a7d05067088ee5b8,1489,0,0,no_join_found,No structure join in supplied SAIR projection; not biological absence
gamma-terpinene,SN0452646,CC(C)C1=CCC(=CC1)C,DRD2,protein:CDBP01576,P14416,D2 dopamine receptor,1.0-a7d05067088ee5b8,1489,0,0,no_join_found,No structure join in supplied SAIR projection; not biological absence
gamma-terpinene,SN0452646,CC(C)C1=CCC(=CC1)C,CHRM2,protein:CDBP04814,P08172,muscarinic acetylcholine receptor M2,1.0-a7d05067088ee5b8,1489,0,0,no_join_found,No structure join in supplied SAIR projection; not biological absence
gamma-terpinene,SN0452646,CC(C)C1=CCC(=CC1)C,OPRM1,protein:CDBP02036,P35372,mu opioid receptor,1.0-a7d05067088ee5b8,1489,0,0,no_join_found,No structure join in supplied SAIR projection; not biological absence
gamma-terpinene,SN0452646,CC(C)C1=CCC(=CC1)C,CNR1,protein:CDBP04807,P21554,CB1 cannabinoid receptor,1.0-a7d05067088ee5b8,1489,0,0,no_join_found,No structure join in supplied SAIR projection; not biological absence
gamma-terpinene,SN0452646,CC(C)C1=CCC(=CC1)C,TRPA1,protein:CDBP04867,O75762,TRPA1 sensory-neural channel,1.0-a7d05067088ee5b8,1489,0,0,no_join_found,No structure join in supplied SAIR projection; not biological absence
gamma-terpinene,SN0452646,CC(C)C1=CCC(=CC1)C,TRPM8,protein:CDBP01847,Q7Z2W7,TRPM8 sensory channel,1.0-a7d05067088ee5b8,1489,0,0,no_join_found,No structure join in supplied SAIR projection; not biological absence
gamma-terpinene,SN0452646,CC(C)C1=CCC(=CC1)C,TRPV1,protein:CDBP01848,Q8NER1,TRPV1 sensory channel,1.0-a7d05067088ee5b8,1489,0,0,no_join_found,No structure join in supplied SAIR projection; not biological absence
gamma-terpinene,SN0452646,CC(C)C1=CCC(=CC1)C,GRIN1,protein:CDBP01515,Q05586,NMDA receptor subunit 1,1.0-a7d05067088ee5b8,1489,0,0,no_join_found,No structure join in supplied SAIR projection; not biological absence
gamma-terpinene,SN0452646,CC(C)C1=CCC(=CC1)C,SLC6A4,protein:CDBP01822,P31645,serotonin transporter,1.0-a7d05067088ee5b8,1489,0,0,no_join_found,No structure join in supplied SAIR projection; not biological absence
camphor,SN0074465-01,CC1(C)[C@H]2CCC1(C)C(=O)C2,HTR1A,protein:CDBP01994,P08908,5-HT1A serotonin receptor,1.0-a7d05067088ee5b8,1489,0,0,no_join_found,No structure join in supplied SAIR projection; not biological absence
camphor,SN0074465-01,CC1(C)[C@H]2CCC1(C)C(=O)C2,HTR2A,protein:CDBP02043,P28223,5-HT2A serotonin receptor,1.0-a7d05067088ee5b8,1489,0,0,no_join_found,No structure join in supplied SAIR projection; not biological absence
camphor,SN0074465-01,CC1(C)[C@H]2CCC1(C)C(=O)C2,HTR2C,protein:CDBP02060,P28335,5-HT2C serotonin receptor,1.0-a7d05067088ee5b8,1489,0,0,no_join_found,No structure join in supplied SAIR projection; not biological absence
camphor,SN0074465-01,CC1(C)[C@H]2CCC1(C)C(=O)C2,HTR3A,protein:CDBP02156,P46098,5-HT3A serotonin receptor,1.0-a7d05067088ee5b8,1489,0,0,no_join_found,No structure join in supplied SAIR projection; not biological absence
camphor,SN0074465-01,CC1(C)[C@H]2CCC1(C)C(=O)C2,HTR7,protein:CDBP01867,P34969,5-HT7 serotonin receptor,1.0-a7d05067088ee5b8,1489,0,0,no_join_found,No structure join in supplied SAIR projection; not biological absence
camphor,SN0074465-01,CC1(C)[C@H]2CCC1(C)C(=O)C2,GABRA1,protein:CDBP03412,P14867,GABA-A alpha-1,1.0-a7d05067088ee5b8,1489,0,0,no_join_found,No structure join in supplied SAIR projection; not biological absence
camphor,SN0074465-01,CC1(C)[C@H]2CCC1(C)C(=O)C2,GABRA2,protein:CDBP03413,P47869,GABA-A alpha-2,1.0-a7d05067088ee5b8,1489,0,0,no_join_found,No structure join in supplied SAIR projection; not biological absence
camphor,SN0074465-01,CC1(C)[C@H]2CCC1(C)C(=O)C2,GABRB2,protein:CDBP03419,P47870,GABA-A beta-2,1.0-a7d05067088ee5b8,1489,0,0,no_join_found,No structure join in supplied SAIR projection; not biological absence
camphor,SN0074465-01,CC1(C)[C@H]2CCC1(C)C(=O)C2,GABRG2,protein:CDBP01864,P18507,GABA-A gamma-2,1.0-a7d05067088ee5b8,1489,0,0,no_join_found,No structure join in supplied SAIR projection; not biological absence
camphor,SN0074465-01,CC1(C)[C@H]2CCC1(C)C(=O)C2,DRD1,protein:CDBP04812,P21728,D1 dopamine receptor,1.0-a7d05067088ee5b8,1489,0,0,no_join_found,No structure join in supplied SAIR projection; not biological absence
camphor,SN0074465-01,CC1(C)[C@H]2CCC1(C)C(=O)C2,DRD2,protein:CDBP01576,P14416,D2 dopamine receptor,1.0-a7d05067088ee5b8,1489,0,0,no_join_found,No structure join in supplied SAIR projection; not biological absence
camphor,SN0074465-01,CC1(C)[C@H]2CCC1(C)C(=O)C2,CHRM2,protein:CDBP04814,P08172,muscarinic acetylcholine receptor M2,1.0-a7d05067088ee5b8,1489,0,0,no_join_found,No structure join in supplied SAIR projection; not biological absence
camphor,SN0074465-01,CC1(C)[C@H]2CCC1(C)C(=O)C2,OPRM1,protein:CDBP02036,P35372,mu opioid receptor,1.0-a7d05067088ee5b8,1489,0,0,no_join_found,No structure join in supplied SAIR projection; not biological absence
camphor,SN0074465-01,CC1(C)[C@H]2CCC1(C)C(=O)C2,CNR1,protein:CDBP04807,P21554,CB1 cannabinoid receptor,1.0-a7d05067088ee5b8,1489,0,0,no_join_found,No structure join in supplied SAIR projection; not biological absence
camphor,SN0074465-01,CC1(C)[C@H]2CCC1(C)C(=O)C2,TRPA1,protein:CDBP04867,O75762,TRPA1 sensory-neural channel,1.0-a7d05067088ee5b8,1489,0,0,no_join_found,No structure join in supplied SAIR projection; not biological absence
camphor,SN0074465-01,CC1(C)[C@H]2CCC1(C)C(=O)C2,TRPM8,protein:CDBP01847,Q7Z2W7,TRPM8 sensory channel,1.0-a7d05067088ee5b8,1489,0,0,no_join_found,No structure join in supplied SAIR projection; not biological absence
camphor,SN0074465-01,CC1(C)[C@H]2CCC1(C)C(=O)C2,TRPV1,protein:CDBP01848,Q8NER1,TRPV1 sensory channel,1.0-a7d05067088ee5b8,1489,0,0,no_join_found,No structure join in supplied SAIR projection; not biological absence
camphor,SN0074465-01,CC1(C)[C@H]2CCC1(C)C(=O)C2,GRIN1,protein:CDBP01515,Q05586,NMDA receptor subunit 1,1.0-a7d05067088ee5b8,1489,0,0,no_join_found,No structure join in supplied SAIR projection; not biological absence
camphor,SN0074465-01,CC1(C)[C@H]2CCC1(C)C(=O)C2,SLC6A4,protein:CDBP01822,P31645,serotonin transporter,1.0-a7d05067088ee5b8,1489,0,0,no_join_found,No structure join in supplied SAIR projection; not biological absence
camphor,SN0074465-03,CC1(C)[C@H]2CC[C@]1(C)C(=O)C2,HTR1A,protein:CDBP01994,P08908,5-HT1A serotonin receptor,1.0-a7d05067088ee5b8,1489,0,0,no_join_found,No structure join in supplied SAIR projection; not biological absence
camphor,SN0074465-03,CC1(C)[C@H]2CC[C@]1(C)C(=O)C2,HTR2A,protein:CDBP02043,P28223,5-HT2A serotonin receptor,1.0-a7d05067088ee5b8,1489,0,0,no_join_found,No structure join in supplied SAIR projection; not biological absence
camphor,SN0074465-03,CC1(C)[C@H]2CC[C@]1(C)C(=O)C2,HTR2C,protein:CDBP02060,P28335,5-HT2C serotonin receptor,1.0-a7d05067088ee5b8,1489,0,0,no_join_found,No structure join in supplied SAIR projection; not biological absence
camphor,SN0074465-03,CC1(C)[C@H]2CC[C@]1(C)C(=O)C2,HTR3A,protein:CDBP02156,P46098,5-HT3A serotonin receptor,1.0-a7d05067088ee5b8,1489,0,0,no_join_found,No structure join in supplied SAIR projection; not biological absence
camphor,SN0074465-03,CC1(C)[C@H]2CC[C@]1(C)C(=O)C2,HTR7,protein:CDBP01867,P34969,5-HT7 serotonin receptor,1.0-a7d05067088ee5b8,1489,0,0,no_join_found,No structure join in supplied SAIR projection; not biological absence
camphor,SN0074465-03,CC1(C)[C@H]2CC[C@]1(C)C(=O)C2,GABRA1,protein:CDBP03412,P14867,GABA-A alpha-1,1.0-a7d05067088ee5b8,1489,0,0,no_join_found,No structure join in supplied SAIR projection; not biological absence
camphor,SN0074465-03,CC1(C)[C@H]2CC[C@]1(C)C(=O)C2,GABRA2,protein:CDBP03413,P47869,GABA-A alpha-2,1.0-a7d05067088ee5b8,1489,0,0,no_join_found,No structure join in supplied SAIR projection; not biological absence
camphor,SN0074465-03,CC1(C)[C@H]2CC[C@]1(C)C(=O)C2,GABRB2,protein:CDBP03419,P47870,GABA-A beta-2,1.0-a7d05067088ee5b8,1489,0,0,no_join_found,No structure join in supplied SAIR projection; not biological absence
camphor,SN0074465-03,CC1(C)[C@H]2CC[C@]1(C)C(=O)C2,GABRG2,protein:CDBP01864,P18507,GABA-A gamma-2,1.0-a7d05067088ee5b8,1489,0,0,no_join_found,No structure join in supplied SAIR projection; not biological absence
camphor,SN0074465-03,CC1(C)[C@H]2CC[C@]1(C)C(=O)C2,DRD1,protein:CDBP04812,P21728,D1 dopamine receptor,1.0-a7d05067088ee5b8,1489,0,0,no_join_found,No structure join in supplied SAIR projection; not biological absence
camphor,SN0074465-03,CC1(C)[C@H]2CC[C@]1(C)C(=O)C2,DRD2,protein:CDBP01576,P14416,D2 dopamine receptor,1.0-a7d05067088ee5b8,1489,0,0,no_join_found,No structure join in supplied SAIR projection; not biological absence
camphor,SN0074465-03,CC1(C)[C@H]2CC[C@]1(C)C(=O)C2,CHRM2,protein:CDBP04814,P08172,muscarinic acetylcholine receptor M2,1.0-a7d05067088ee5b8,1489,0,0,no_join_found,No structure join in supplied SAIR projection; not biological absence
camphor,SN0074465-03,CC1(C)[C@H]2CC[C@]1(C)C(=O)C2,OPRM1,protein:CDBP02036,P35372,mu opioid receptor,1.0-a7d05067088ee5b8,1489,0,0,no_join_found,No structure join in supplied SAIR projection; not biological absence
camphor,SN0074465-03,CC1(C)[C@H]2CC[C@]1(C)C(=O)C2,CNR1,protein:CDBP04807,P21554,CB1 cannabinoid receptor,1.0-a7d05067088ee5b8,1489,0,0,no_join_found,No structure join in supplied SAIR projection; not biological absence
camphor,SN0074465-03,CC1(C)[C@H]2CC[C@]1(C)C(=O)C2,TRPA1,protein:CDBP04867,O75762,TRPA1 sensory-neural channel,1.0-a7d05067088ee5b8,1489,0,0,no_join_found,No structure join in supplied SAIR projection; not biological absence
camphor,SN0074465-03,CC1(C)[C@H]2CC[C@]1(C)C(=O)C2,TRPM8,protein:CDBP01847,Q7Z2W7,TRPM8 sensory channel,1.0-a7d05067088ee5b8,1489,0,0,no_join_found,No structure join in supplied SAIR projection; not biological absence
camphor,SN0074465-03,CC1(C)[C@H]2CC[C@]1(C)C(=O)C2,TRPV1,protein:CDBP01848,Q8NER1,TRPV1 sensory channel,1.0-a7d05067088ee5b8,1489,0,0,no_join_found,No structure join in supplied SAIR projection; not biological absence
camphor,SN0074465-03,CC1(C)[C@H]2CC[C@]1(C)C(=O)C2,GRIN1,protein:CDBP01515,Q05586,NMDA receptor subunit 1,1.0-a7d05067088ee5b8,1489,0,0,no_join_found,No structure join in supplied SAIR projection; not biological absence
camphor,SN0074465-03,CC1(C)[C@H]2CC[C@]1(C)C(=O)C2,SLC6A4,protein:CDBP01822,P31645,serotonin transporter,1.0-a7d05067088ee5b8,1489,0,0,no_join_found,No structure join in supplied SAIR projection; not biological absence
pinocamphone,SN0232749-02,C[C@@H]1[C@H]2C[C@H](CC1=O)C2(C)C,HTR1A,protein:CDBP01994,P08908,5-HT1A serotonin receptor,1.0-a7d05067088ee5b8,1489,0,0,no_join_found,No structure join in supplied SAIR projection; not biological absence
pinocamphone,SN0232749-02,C[C@@H]1[C@H]2C[C@H](CC1=O)C2(C)C,HTR2A,protein:CDBP02043,P28223,5-HT2A serotonin receptor,1.0-a7d05067088ee5b8,1489,0,0,no_join_found,No structure join in supplied SAIR projection; not biological absence
pinocamphone,SN0232749-02,C[C@@H]1[C@H]2C[C@H](CC1=O)C2(C)C,HTR2C,protein:CDBP02060,P28335,5-HT2C serotonin receptor,1.0-a7d05067088ee5b8,1489,0,0,no_join_found,No structure join in supplied SAIR projection; not biological absence
pinocamphone,SN0232749-02,C[C@@H]1[C@H]2C[C@H](CC1=O)C2(C)C,HTR3A,protein:CDBP02156,P46098,5-HT3A serotonin receptor,1.0-a7d05067088ee5b8,1489,0,0,no_join_found,No structure join in supplied SAIR projection; not biological absence
pinocamphone,SN0232749-02,C[C@@H]1[C@H]2C[C@H](CC1=O)C2(C)C,HTR7,protein:CDBP01867,P34969,5-HT7 serotonin receptor,1.0-a7d05067088ee5b8,1489,0,0,no_join_found,No structure join in supplied SAIR projection; not biological absence
pinocamphone,SN0232749-02,C[C@@H]1[C@H]2C[C@H](CC1=O)C2(C)C,GABRA1,protein:CDBP03412,P14867,GABA-A alpha-1,1.0-a7d05067088ee5b8,1489,0,0,no_join_found,No structure join in supplied SAIR projection; not biological absence
pinocamphone,SN0232749-02,C[C@@H]1[C@H]2C[C@H](CC1=O)C2(C)C,GABRA2,protein:CDBP03413,P47869,GABA-A alpha-2,1.0-a7d05067088ee5b8,1489,0,0,no_join_found,No structure join in supplied SAIR projection; not biological absence
pinocamphone,SN0232749-02,C[C@@H]1[C@H]2C[C@H](CC1=O)C2(C)C,GABRB2,protein:CDBP03419,P47870,GABA-A beta-2,1.0-a7d05067088ee5b8,1489,0,0,no_join_found,No structure join in supplied SAIR projection; not biological absence
pinocamphone,SN0232749-02,C[C@@H]1[C@H]2C[C@H](CC1=O)C2(C)C,GABRG2,protein:CDBP01864,P18507,GABA-A gamma-2,1.0-a7d05067088ee5b8,1489,0,0,no_join_found,No structure join in supplied SAIR projection; not biological absence
pinocamphone,SN0232749-02,C[C@@H]1[C@H]2C[C@H](CC1=O)C2(C)C,DRD1,protein:CDBP04812,P21728,D1 dopamine receptor,1.0-a7d05067088ee5b8,1489,0,0,no_join_found,No structure join in supplied SAIR projection; not biological absence
pinocamphone,SN0232749-02,C[C@@H]1[C@H]2C[C@H](CC1=O)C2(C)C,DRD2,protein:CDBP01576,P14416,D2 dopamine receptor,1.0-a7d05067088ee5b8,1489,0,0,no_join_found,No structure join in supplied SAIR projection; not biological absence
pinocamphone,SN0232749-02,C[C@@H]1[C@H]2C[C@H](CC1=O)C2(C)C,CHRM2,protein:CDBP04814,P08172,muscarinic acetylcholine receptor M2,1.0-a7d05067088ee5b8,1489,0,0,no_join_found,No structure join in supplied SAIR projection; not biological absence
pinocamphone,SN0232749-02,C[C@@H]1[C@H]2C[C@H](CC1=O)C2(C)C,OPRM1,protein:CDBP02036,P35372,mu opioid receptor,1.0-a7d05067088ee5b8,1489,0,0,no_join_found,No structure join in supplied SAIR projection; not biological absence
pinocamphone,SN0232749-02,C[C@@H]1[C@H]2C[C@H](CC1=O)C2(C)C,CNR1,protein:CDBP04807,P21554,CB1 cannabinoid receptor,1.0-a7d05067088ee5b8,1489,0,0,no_join_found,No structure join in supplied SAIR projection; not biological absence
pinocamphone,SN0232749-02,C[C@@H]1[C@H]2C[C@H](CC1=O)C2(C)C,TRPA1,protein:CDBP04867,O75762,TRPA1 sensory-neural channel,1.0-a7d05067088ee5b8,1489,0,0,no_join_found,No structure join in supplied SAIR projection; not biological absence
pinocamphone,SN0232749-02,C[C@@H]1[C@H]2C[C@H](CC1=O)C2(C)C,TRPM8,protein:CDBP01847,Q7Z2W7,TRPM8 sensory channel,1.0-a7d05067088ee5b8,1489,0,0,no_join_found,No structure join in supplied SAIR projection; not biological absence
pinocamphone,SN0232749-02,C[C@@H]1[C@H]2C[C@H](CC1=O)C2(C)C,TRPV1,protein:CDBP01848,Q8NER1,TRPV1 sensory channel,1.0-a7d05067088ee5b8,1489,0,0,no_join_found,No structure join in supplied SAIR projection; not biological absence
pinocamphone,SN0232749-02,C[C@@H]1[C@H]2C[C@H](CC1=O)C2(C)C,GRIN1,protein:CDBP01515,Q05586,NMDA receptor subunit 1,1.0-a7d05067088ee5b8,1489,0,0,no_join_found,No structure join in supplied SAIR projection; not biological absence
pinocamphone,SN0232749-02,C[C@@H]1[C@H]2C[C@H](CC1=O)C2(C)C,SLC6A4,protein:CDBP01822,P31645,serotonin transporter,1.0-a7d05067088ee5b8,1489,0,0,no_join_found,No structure join in supplied SAIR projection; not biological absence
isopinocamphone,SN0232749-06,C[C@H]1[C@@H]2C[C@H](CC1=O)C2(C)C,HTR1A,protein:CDBP01994,P08908,5-HT1A serotonin receptor,1.0-a7d05067088ee5b8,1489,0,0,no_join_found,No structure join in supplied SAIR projection; not biological absence
isopinocamphone,SN0232749-06,C[C@H]1[C@@H]2C[C@H](CC1=O)C2(C)C,HTR2A,protein:CDBP02043,P28223,5-HT2A serotonin receptor,1.0-a7d05067088ee5b8,1489,0,0,no_join_found,No structure join in supplied SAIR projection; not biological absence
isopinocamphone,SN0232749-06,C[C@H]1[C@@H]2C[C@H](CC1=O)C2(C)C,HTR2C,protein:CDBP02060,P28335,5-HT2C serotonin receptor,1.0-a7d05067088ee5b8,1489,0,0,no_join_found,No structure join in supplied SAIR projection; not biological absence
isopinocamphone,SN0232749-06,C[C@H]1[C@@H]2C[C@H](CC1=O)C2(C)C,HTR3A,protein:CDBP02156,P46098,5-HT3A serotonin receptor,1.0-a7d05067088ee5b8,1489,0,0,no_join_found,No structure join in supplied SAIR projection; not biological absence
isopinocamphone,SN0232749-06,C[C@H]1[C@@H]2C[C@H](CC1=O)C2(C)C,HTR7,protein:CDBP01867,P34969,5-HT7 serotonin receptor,1.0-a7d05067088ee5b8,1489,0,0,no_join_found,No structure join in supplied SAIR projection; not biological absence
isopinocamphone,SN0232749-06,C[C@H]1[C@@H]2C[C@H](CC1=O)C2(C)C,GABRA1,protein:CDBP03412,P14867,GABA-A alpha-1,1.0-a7d05067088ee5b8,1489,0,0,no_join_found,No structure join in supplied SAIR projection; not biological absence
isopinocamphone,SN0232749-06,C[C@H]1[C@@H]2C[C@H](CC1=O)C2(C)C,GABRA2,protein:CDBP03413,P47869,GABA-A alpha-2,1.0-a7d05067088ee5b8,1489,0,0,no_join_found,No structure join in supplied SAIR projection; not biological absence
isopinocamphone,SN0232749-06,C[C@H]1[C@@H]2C[C@H](CC1=O)C2(C)C,GABRB2,protein:CDBP03419,P47870,GABA-A beta-2,1.0-a7d05067088ee5b8,1489,0,0,no_join_found,No structure join in supplied SAIR projection; not biological absence
isopinocamphone,SN0232749-06,C[C@H]1[C@@H]2C[C@H](CC1=O)C2(C)C,GABRG2,protein:CDBP01864,P18507,GABA-A gamma-2,1.0-a7d05067088ee5b8,1489,0,0,no_join_found,No structure join in supplied SAIR projection; not biological absence
isopinocamphone,SN0232749-06,C[C@H]1[C@@H]2C[C@H](CC1=O)C2(C)C,DRD1,protein:CDBP04812,P21728,D1 dopamine receptor,1.0-a7d05067088ee5b8,1489,0,0,no_join_found,No structure join in supplied SAIR projection; not biological absence
isopinocamphone,SN0232749-06,C[C@H]1[C@@H]2C[C@H](CC1=O)C2(C)C,DRD2,protein:CDBP01576,P14416,D2 dopamine receptor,1.0-a7d05067088ee5b8,1489,0,0,no_join_found,No structure join in supplied SAIR projection; not biological absence
isopinocamphone,SN0232749-06,C[C@H]1[C@@H]2C[C@H](CC1=O)C2(C)C,CHRM2,protein:CDBP04814,P08172,muscarinic acetylcholine receptor M2,1.0-a7d05067088ee5b8,1489,0,0,no_join_found,No structure join in supplied SAIR projection; not biological absence
isopinocamphone,SN0232749-06,C[C@H]1[C@@H]2C[C@H](CC1=O)C2(C)C,OPRM1,protein:CDBP02036,P35372,mu opioid receptor,1.0-a7d05067088ee5b8,1489,0,0,no_join_found,No structure join in supplied SAIR projection; not biological absence
isopinocamphone,SN0232749-06,C[C@H]1[C@@H]2C[C@H](CC1=O)C2(C)C,CNR1,protein:CDBP04807,P21554,CB1 cannabinoid receptor,1.0-a7d05067088ee5b8,1489,0,0,no_join_found,No structure join in supplied SAIR projection; not biological absence
isopinocamphone,SN0232749-06,C[C@H]1[C@@H]2C[C@H](CC1=O)C2(C)C,TRPA1,protein:CDBP04867,O75762,TRPA1 sensory-neural channel,1.0-a7d05067088ee5b8,1489,0,0,no_join_found,No structure join in supplied SAIR projection; not biological absence
isopinocamphone,SN0232749-06,C[C@H]1[C@@H]2C[C@H](CC1=O)C2(C)C,TRPM8,protein:CDBP01847,Q7Z2W7,TRPM8 sensory channel,1.0-a7d05067088ee5b8,1489,0,0,no_join_found,No structure join in supplied SAIR projection; not biological absence
isopinocamphone,SN0232749-06,C[C@H]1[C@@H]2C[C@H](CC1=O)C2(C)C,TRPV1,protein:CDBP01848,Q8NER1,TRPV1 sensory channel,1.0-a7d05067088ee5b8,1489,0,0,no_join_found,No structure join in supplied SAIR projection; not biological absence
isopinocamphone,SN0232749-06,C[C@H]1[C@@H]2C[C@H](CC1=O)C2(C)C,GRIN1,protein:CDBP01515,Q05586,NMDA receptor subunit 1,1.0-a7d05067088ee5b8,1489,0,0,no_join_found,No structure join in supplied SAIR projection; not biological absence
isopinocamphone,SN0232749-06,C[C@H]1[C@@H]2C[C@H](CC1=O)C2(C)C,SLC6A4,protein:CDBP01822,P31645,serotonin transporter,1.0-a7d05067088ee5b8,1489,0,0,no_join_found,No structure join in supplied SAIR projection; not biological absence
citronellal,SN0243104-01,C[C@@H](CCC=C(C)C)CC=O,HTR1A,protein:CDBP01994,P08908,5-HT1A serotonin receptor,1.0-a7d05067088ee5b8,1489,0,0,no_join_found,No structure join in supplied SAIR projection; not biological absence
citronellal,SN0243104-01,C[C@@H](CCC=C(C)C)CC=O,HTR2A,protein:CDBP02043,P28223,5-HT2A serotonin receptor,1.0-a7d05067088ee5b8,1489,0,0,no_join_found,No structure join in supplied SAIR projection; not biological absence
citronellal,SN0243104-01,C[C@@H](CCC=C(C)C)CC=O,HTR2C,protein:CDBP02060,P28335,5-HT2C serotonin receptor,1.0-a7d05067088ee5b8,1489,0,0,no_join_found,No structure join in supplied SAIR projection; not biological absence
citronellal,SN0243104-01,C[C@@H](CCC=C(C)C)CC=O,HTR3A,protein:CDBP02156,P46098,5-HT3A serotonin receptor,1.0-a7d05067088ee5b8,1489,0,0,no_join_found,No structure join in supplied SAIR projection; not biological absence
citronellal,SN0243104-01,C[C@@H](CCC=C(C)C)CC=O,HTR7,protein:CDBP01867,P34969,5-HT7 serotonin receptor,1.0-a7d05067088ee5b8,1489,0,0,no_join_found,No structure join in supplied SAIR projection; not biological absence
citronellal,SN0243104-01,C[C@@H](CCC=C(C)C)CC=O,GABRA1,protein:CDBP03412,P14867,GABA-A alpha-1,1.0-a7d05067088ee5b8,1489,0,0,no_join_found,No structure join in supplied SAIR projection; not biological absence
citronellal,SN0243104-01,C[C@@H](CCC=C(C)C)CC=O,GABRA2,protein:CDBP03413,P47869,GABA-A alpha-2,1.0-a7d05067088ee5b8,1489,0,0,no_join_found,No structure join in supplied SAIR projection; not biological absence
citronellal,SN0243104-01,C[C@@H](CCC=C(C)C)CC=O,GABRB2,protein:CDBP03419,P47870,GABA-A beta-2,1.0-a7d05067088ee5b8,1489,0,0,no_join_found,No structure join in supplied SAIR projection; not biological absence
citronellal,SN0243104-01,C[C@@H](CCC=C(C)C)CC=O,GABRG2,protein:CDBP01864,P18507,GABA-A gamma-2,1.0-a7d05067088ee5b8,1489,0,0,no_join_found,No structure join in supplied SAIR projection; not biological absence
citronellal,SN0243104-01,C[C@@H](CCC=C(C)C)CC=O,DRD1,protein:CDBP04812,P21728,D1 dopamine receptor,1.0-a7d05067088ee5b8,1489,0,0,no_join_found,No structure join in supplied SAIR projection; not biological absence
citronellal,SN0243104-01,C[C@@H](CCC=C(C)C)CC=O,DRD2,protein:CDBP01576,P14416,D2 dopamine receptor,1.0-a7d05067088ee5b8,1489,0,0,no_join_found,No structure join in supplied SAIR projection; not biological absence
citronellal,SN0243104-01,C[C@@H](CCC=C(C)C)CC=O,CHRM2,protein:CDBP04814,P08172,muscarinic acetylcholine receptor M2,1.0-a7d05067088ee5b8,1489,0,0,no_join_found,No structure join in supplied SAIR projection; not biological absence
citronellal,SN0243104-01,C[C@@H](CCC=C(C)C)CC=O,OPRM1,protein:CDBP02036,P35372,mu opioid receptor,1.0-a7d05067088ee5b8,1489,0,0,no_join_found,No structure join in supplied SAIR projection; not biological absence
citronellal,SN0243104-01,C[C@@H](CCC=C(C)C)CC=O,CNR1,protein:CDBP04807,P21554,CB1 cannabinoid receptor,1.0-a7d05067088ee5b8,1489,0,0,no_join_found,No structure join in supplied SAIR projection; not biological absence
citronellal,SN0243104-01,C[C@@H](CCC=C(C)C)CC=O,TRPA1,protein:CDBP04867,O75762,TRPA1 sensory-neural channel,1.0-a7d05067088ee5b8,1489,0,0,no_join_found,No structure join in supplied SAIR projection; not biological absence
citronellal,SN0243104-01,C[C@@H](CCC=C(C)C)CC=O,TRPM8,protein:CDBP01847,Q7Z2W7,TRPM8 sensory channel,1.0-a7d05067088ee5b8,1489,0,0,no_join_found,No structure join in supplied SAIR projection; not biological absence
citronellal,SN0243104-01,C[C@@H](CCC=C(C)C)CC=O,TRPV1,protein:CDBP01848,Q8NER1,TRPV1 sensory channel,1.0-a7d05067088ee5b8,1489,0,0,no_join_found,No structure join in supplied SAIR projection; not biological absence
citronellal,SN0243104-01,C[C@@H](CCC=C(C)C)CC=O,GRIN1,protein:CDBP01515,Q05586,NMDA receptor subunit 1,1.0-a7d05067088ee5b8,1489,0,0,no_join_found,No structure join in supplied SAIR projection; not biological absence
citronellal,SN0243104-01,C[C@@H](CCC=C(C)C)CC=O,SLC6A4,protein:CDBP01822,P31645,serotonin transporter,1.0-a7d05067088ee5b8,1489,0,0,no_join_found,No structure join in supplied SAIR projection; not biological absence
citronellal,SN0243104-02,C[C@H](CCC=C(C)C)CC=O,HTR1A,protein:CDBP01994,P08908,5-HT1A serotonin receptor,1.0-a7d05067088ee5b8,1489,0,0,no_join_found,No structure join in supplied SAIR projection; not biological absence
citronellal,SN0243104-02,C[C@H](CCC=C(C)C)CC=O,HTR2A,protein:CDBP02043,P28223,5-HT2A serotonin receptor,1.0-a7d05067088ee5b8,1489,0,0,no_join_found,No structure join in supplied SAIR projection; not biological absence
citronellal,SN0243104-02,C[C@H](CCC=C(C)C)CC=O,HTR2C,protein:CDBP02060,P28335,5-HT2C serotonin receptor,1.0-a7d05067088ee5b8,1489,0,0,no_join_found,No structure join in supplied SAIR projection; not biological absence
citronellal,SN0243104-02,C[C@H](CCC=C(C)C)CC=O,HTR3A,protein:CDBP02156,P46098,5-HT3A serotonin receptor,1.0-a7d05067088ee5b8,1489,0,0,no_join_found,No structure join in supplied SAIR projection; not biological absence
citronellal,SN0243104-02,C[C@H](CCC=C(C)C)CC=O,HTR7,protein:CDBP01867,P34969,5-HT7 serotonin receptor,1.0-a7d05067088ee5b8,1489,0,0,no_join_found,No structure join in supplied SAIR projection; not biological absence
citronellal,SN0243104-02,C[C@H](CCC=C(C)C)CC=O,GABRA1,protein:CDBP03412,P14867,GABA-A alpha-1,1.0-a7d05067088ee5b8,1489,0,0,no_join_found,No structure join in supplied SAIR projection; not biological absence
citronellal,SN0243104-02,C[C@H](CCC=C(C)C)CC=O,GABRA2,protein:CDBP03413,P47869,GABA-A alpha-2,1.0-a7d05067088ee5b8,1489,0,0,no_join_found,No structure join in supplied SAIR projection; not biological absence
citronellal,SN0243104-02,C[C@H](CCC=C(C)C)CC=O,GABRB2,protein:CDBP03419,P47870,GABA-A beta-2,1.0-a7d05067088ee5b8,1489,0,0,no_join_found,No structure join in supplied SAIR projection; not biological absence
citronellal,SN0243104-02,C[C@H](CCC=C(C)C)CC=O,GABRG2,protein:CDBP01864,P18507,GABA-A gamma-2,1.0-a7d05067088ee5b8,1489,0,0,no_join_found,No structure join in supplied SAIR projection; not biological absence
citronellal,SN0243104-02,C[C@H](CCC=C(C)C)CC=O,DRD1,protein:CDBP04812,P21728,D1 dopamine receptor,1.0-a7d05067088ee5b8,1489,0,0,no_join_found,No structure join in supplied SAIR projection; not biological absence
citronellal,SN0243104-02,C[C@H](CCC=C(C)C)CC=O,DRD2,protein:CDBP01576,P14416,D2 dopamine receptor,1.0-a7d05067088ee5b8,1489,0,0,no_join_found,No structure join in supplied SAIR projection; not biological absence
citronellal,SN0243104-02,C[C@H](CCC=C(C)C)CC=O,CHRM2,protein:CDBP04814,P08172,muscarinic acetylcholine receptor M2,1.0-a7d05067088ee5b8,1489,0,0,no_join_found,No structure join in supplied SAIR projection; not biological absence
citronellal,SN0243104-02,C[C@H](CCC=C(C)C)CC=O,OPRM1,protein:CDBP02036,P35372,mu opioid receptor,1.0-a7d05067088ee5b8,1489,0,0,no_join_found,No structure join in supplied SAIR projection; not biological absence
citronellal,SN0243104-02,C[C@H](CCC=C(C)C)CC=O,CNR1,protein:CDBP04807,P21554,CB1 cannabinoid receptor,1.0-a7d05067088ee5b8,1489,0,0,no_join_found,No structure join in supplied SAIR projection; not biological absence
citronellal,SN0243104-02,C[C@H](CCC=C(C)C)CC=O,TRPA1,protein:CDBP04867,O75762,TRPA1 sensory-neural channel,1.0-a7d05067088ee5b8,1489,0,0,no_join_found,No structure join in supplied SAIR projection; not biological absence
citronellal,SN0243104-02,C[C@H](CCC=C(C)C)CC=O,TRPM8,protein:CDBP01847,Q7Z2W7,TRPM8 sensory channel,1.0-a7d05067088ee5b8,1489,0,0,no_join_found,No structure join in supplied SAIR projection; not biological absence
citronellal,SN0243104-02,C[C@H](CCC=C(C)C)CC=O,TRPV1,protein:CDBP01848,Q8NER1,TRPV1 sensory channel,1.0-a7d05067088ee5b8,1489,0,0,no_join_found,No structure join in supplied SAIR projection; not biological absence
citronellal,SN0243104-02,C[C@H](CCC=C(C)C)CC=O,GRIN1,protein:CDBP01515,Q05586,NMDA receptor subunit 1,1.0-a7d05067088ee5b8,1489,0,0,no_join_found,No structure join in supplied SAIR projection; not biological absence
citronellal,SN0243104-02,C[C@H](CCC=C(C)C)CC=O,SLC6A4,protein:CDBP01822,P31645,serotonin transporter,1.0-a7d05067088ee5b8,1489,0,0,no_join_found,No structure join in supplied SAIR projection; not biological absence
estragole,SN0469008,COc1ccc(CC=C)cc1,HTR1A,protein:CDBP01994,P08908,5-HT1A serotonin receptor,1.0-a7d05067088ee5b8,1489,0,0,no_join_found,No structure join in supplied SAIR projection; not biological absence
estragole,SN0469008,COc1ccc(CC=C)cc1,HTR2A,protein:CDBP02043,P28223,5-HT2A serotonin receptor,1.0-a7d05067088ee5b8,1489,0,0,no_join_found,No structure join in supplied SAIR projection; not biological absence
estragole,SN0469008,COc1ccc(CC=C)cc1,HTR2C,protein:CDBP02060,P28335,5-HT2C serotonin receptor,1.0-a7d05067088ee5b8,1489,0,0,no_join_found,No structure join in supplied SAIR projection; not biological absence
estragole,SN0469008,COc1ccc(CC=C)cc1,HTR3A,protein:CDBP02156,P46098,5-HT3A serotonin receptor,1.0-a7d05067088ee5b8,1489,0,0,no_join_found,No structure join in supplied SAIR projection; not biological absence
estragole,SN0469008,COc1ccc(CC=C)cc1,HTR7,protein:CDBP01867,P34969,5-HT7 serotonin receptor,1.0-a7d05067088ee5b8,1489,0,0,no_join_found,No structure join in supplied SAIR projection; not biological absence
estragole,SN0469008,COc1ccc(CC=C)cc1,GABRA1,protein:CDBP03412,P14867,GABA-A alpha-1,1.0-a7d05067088ee5b8,1489,0,0,no_join_found,No structure join in supplied SAIR projection; not biological absence
estragole,SN0469008,COc1ccc(CC=C)cc1,GABRA2,protein:CDBP03413,P47869,GABA-A alpha-2,1.0-a7d05067088ee5b8,1489,0,0,no_join_found,No structure join in supplied SAIR projection; not biological absence
estragole,SN0469008,COc1ccc(CC=C)cc1,GABRB2,protein:CDBP03419,P47870,GABA-A beta-2,1.0-a7d05067088ee5b8,1489,0,0,no_join_found,No structure join in supplied SAIR projection; not biological absence
estragole,SN0469008,COc1ccc(CC=C)cc1,GABRG2,protein:CDBP01864,P18507,GABA-A gamma-2,1.0-a7d05067088ee5b8,1489,0,0,no_join_found,No structure join in supplied SAIR projection; not biological absence
estragole,SN0469008,COc1ccc(CC=C)cc1,DRD1,protein:CDBP04812,P21728,D1 dopamine receptor,1.0-a7d05067088ee5b8,1489,0,0,no_join_found,No structure join in supplied SAIR projection; not biological absence
estragole,SN0469008,COc1ccc(CC=C)cc1,DRD2,protein:CDBP01576,P14416,D2 dopamine receptor,1.0-a7d05067088ee5b8,1489,0,0,no_join_found,No structure join in supplied SAIR projection; not biological absence
estragole,SN0469008,COc1ccc(CC=C)cc1,CHRM2,protein:CDBP04814,P08172,muscarinic acetylcholine receptor M2,1.0-a7d05067088ee5b8,1489,0,0,no_join_found,No structure join in supplied SAIR projection; not biological absence
estragole,SN0469008,COc1ccc(CC=C)cc1,OPRM1,protein:CDBP02036,P35372,mu opioid receptor,1.0-a7d05067088ee5b8,1489,0,0,no_join_found,No structure join in supplied SAIR projection; not biological absence
estragole,SN0469008,COc1ccc(CC=C)cc1,CNR1,protein:CDBP04807,P21554,CB1 cannabinoid receptor,1.0-a7d05067088ee5b8,1489,0,0,no_join_found,No structure join in supplied SAIR projection; not biological absence
estragole,SN0469008,COc1ccc(CC=C)cc1,TRPA1,protein:CDBP04867,O75762,TRPA1 sensory-neural channel,1.0-a7d05067088ee5b8,1489,0,0,no_join_found,No structure join in supplied SAIR projection; not biological absence
estragole,SN0469008,COc1ccc(CC=C)cc1,TRPM8,protein:CDBP01847,Q7Z2W7,TRPM8 sensory channel,1.0-a7d05067088ee5b8,1489,0,0,no_join_found,No structure join in supplied SAIR projection; not biological absence
estragole,SN0469008,COc1ccc(CC=C)cc1,TRPV1,protein:CDBP01848,Q8NER1,TRPV1 sensory channel,1.0-a7d05067088ee5b8,1489,0,0,no_join_found,No structure join in supplied SAIR projection; not biological absence
estragole,SN0469008,COc1ccc(CC=C)cc1,GRIN1,protein:CDBP01515,Q05586,NMDA receptor subunit 1,1.0-a7d05067088ee5b8,1489,0,0,no_join_found,No structure join in supplied SAIR projection; not biological absence
estragole,SN0469008,COc1ccc(CC=C)cc1,SLC6A4,protein:CDBP01822,P31645,serotonin transporter,1.0-a7d05067088ee5b8,1489,0,0,no_join_found,No structure join in supplied SAIR projection; not biological absence
cis-anethole,SN0335873-01,COc1ccc(\C=C/C)cc1,HTR1A,protein:CDBP01994,P08908,5-HT1A serotonin receptor,1.0-a7d05067088ee5b8,1489,0,0,no_join_found,No structure join in supplied SAIR projection; not biological absence
cis-anethole,SN0335873-01,COc1ccc(\C=C/C)cc1,HTR2A,protein:CDBP02043,P28223,5-HT2A serotonin receptor,1.0-a7d05067088ee5b8,1489,0,0,no_join_found,No structure join in supplied SAIR projection; not biological absence
cis-anethole,SN0335873-01,COc1ccc(\C=C/C)cc1,HTR2C,protein:CDBP02060,P28335,5-HT2C serotonin receptor,1.0-a7d05067088ee5b8,1489,0,0,no_join_found,No structure join in supplied SAIR projection; not biological absence
cis-anethole,SN0335873-01,COc1ccc(\C=C/C)cc1,HTR3A,protein:CDBP02156,P46098,5-HT3A serotonin receptor,1.0-a7d05067088ee5b8,1489,0,0,no_join_found,No structure join in supplied SAIR projection; not biological absence
cis-anethole,SN0335873-01,COc1ccc(\C=C/C)cc1,HTR7,protein:CDBP01867,P34969,5-HT7 serotonin receptor,1.0-a7d05067088ee5b8,1489,0,0,no_join_found,No structure join in supplied SAIR projection; not biological absence
cis-anethole,SN0335873-01,COc1ccc(\C=C/C)cc1,GABRA1,protein:CDBP03412,P14867,GABA-A alpha-1,1.0-a7d05067088ee5b8,1489,0,0,no_join_found,No structure join in supplied SAIR projection; not biological absence
cis-anethole,SN0335873-01,COc1ccc(\C=C/C)cc1,GABRA2,protein:CDBP03413,P47869,GABA-A alpha-2,1.0-a7d05067088ee5b8,1489,0,0,no_join_found,No structure join in supplied SAIR projection; not biological absence
cis-anethole,SN0335873-01,COc1ccc(\C=C/C)cc1,GABRB2,protein:CDBP03419,P47870,GABA-A beta-2,1.0-a7d05067088ee5b8,1489,0,0,no_join_found,No structure join in supplied SAIR projection; not biological absence
cis-anethole,SN0335873-01,COc1ccc(\C=C/C)cc1,GABRG2,protein:CDBP01864,P18507,GABA-A gamma-2,1.0-a7d05067088ee5b8,1489,0,0,no_join_found,No structure join in supplied SAIR projection; not biological absence
cis-anethole,SN0335873-01,COc1ccc(\C=C/C)cc1,DRD1,protein:CDBP04812,P21728,D1 dopamine receptor,1.0-a7d05067088ee5b8,1489,0,0,no_join_found,No structure join in supplied SAIR projection; not biological absence
cis-anethole,SN0335873-01,COc1ccc(\C=C/C)cc1,DRD2,protein:CDBP01576,P14416,D2 dopamine receptor,1.0-a7d05067088ee5b8,1489,0,0,no_join_found,No structure join in supplied SAIR projection; not biological absence
cis-anethole,SN0335873-01,COc1ccc(\C=C/C)cc1,CHRM2,protein:CDBP04814,P08172,muscarinic acetylcholine receptor M2,1.0-a7d05067088ee5b8,1489,0,0,no_join_found,No structure join in supplied SAIR projection; not biological absence
cis-anethole,SN0335873-01,COc1ccc(\C=C/C)cc1,OPRM1,protein:CDBP02036,P35372,mu opioid receptor,1.0-a7d05067088ee5b8,1489,0,0,no_join_found,No structure join in supplied SAIR projection; not biological absence
cis-anethole,SN0335873-01,COc1ccc(\C=C/C)cc1,CNR1,protein:CDBP04807,P21554,CB1 cannabinoid receptor,1.0-a7d05067088ee5b8,1489,0,0,no_join_found,No structure join in supplied SAIR projection; not biological absence
cis-anethole,SN0335873-01,COc1ccc(\C=C/C)cc1,TRPA1,protein:CDBP04867,O75762,TRPA1 sensory-neural channel,1.0-a7d05067088ee5b8,1489,0,0,no_join_found,No structure join in supplied SAIR projection; not biological absence
cis-anethole,SN0335873-01,COc1ccc(\C=C/C)cc1,TRPM8,protein:CDBP01847,Q7Z2W7,TRPM8 sensory channel,1.0-a7d05067088ee5b8,1489,0,0,no_join_found,No structure join in supplied SAIR projection; not biological absence
cis-anethole,SN0335873-01,COc1ccc(\C=C/C)cc1,TRPV1,protein:CDBP01848,Q8NER1,TRPV1 sensory channel,1.0-a7d05067088ee5b8,1489,0,0,no_join_found,No structure join in supplied SAIR projection; not biological absence
cis-anethole,SN0335873-01,COc1ccc(\C=C/C)cc1,GRIN1,protein:CDBP01515,Q05586,NMDA receptor subunit 1,1.0-a7d05067088ee5b8,1489,0,0,no_join_found,No structure join in supplied SAIR projection; not biological absence
cis-anethole,SN0335873-01,COc1ccc(\C=C/C)cc1,SLC6A4,protein:CDBP01822,P31645,serotonin transporter,1.0-a7d05067088ee5b8,1489,0,0,no_join_found,No structure join in supplied SAIR projection; not biological absence
geranial,SN0419383-01,CC(C)=CCC/C(C)=C/C=O,HTR1A,protein:CDBP01994,P08908,5-HT1A serotonin receptor,1.0-a7d05067088ee5b8,1489,0,0,no_join_found,No structure join in supplied SAIR projection; not biological absence
geranial,SN0419383-01,CC(C)=CCC/C(C)=C/C=O,HTR2A,protein:CDBP02043,P28223,5-HT2A serotonin receptor,1.0-a7d05067088ee5b8,1489,0,0,no_join_found,No structure join in supplied SAIR projection; not biological absence
geranial,SN0419383-01,CC(C)=CCC/C(C)=C/C=O,HTR2C,protein:CDBP02060,P28335,5-HT2C serotonin receptor,1.0-a7d05067088ee5b8,1489,0,0,no_join_found,No structure join in supplied SAIR projection; not biological absence
geranial,SN0419383-01,CC(C)=CCC/C(C)=C/C=O,HTR3A,protein:CDBP02156,P46098,5-HT3A serotonin receptor,1.0-a7d05067088ee5b8,1489,0,0,no_join_found,No structure join in supplied SAIR projection; not biological absence
geranial,SN0419383-01,CC(C)=CCC/C(C)=C/C=O,HTR7,protein:CDBP01867,P34969,5-HT7 serotonin receptor,1.0-a7d05067088ee5b8,1489,0,0,no_join_found,No structure join in supplied SAIR projection; not biological absence
geranial,SN0419383-01,CC(C)=CCC/C(C)=C/C=O,GABRA1,protein:CDBP03412,P14867,GABA-A alpha-1,1.0-a7d05067088ee5b8,1489,0,0,no_join_found,No structure join in supplied SAIR projection; not biological absence
geranial,SN0419383-01,CC(C)=CCC/C(C)=C/C=O,GABRA2,protein:CDBP03413,P47869,GABA-A alpha-2,1.0-a7d05067088ee5b8,1489,0,0,no_join_found,No structure join in supplied SAIR projection; not biological absence
geranial,SN0419383-01,CC(C)=CCC/C(C)=C/C=O,GABRB2,protein:CDBP03419,P47870,GABA-A beta-2,1.0-a7d05067088ee5b8,1489,0,0,no_join_found,No structure join in supplied SAIR projection; not biological absence
geranial,SN0419383-01,CC(C)=CCC/C(C)=C/C=O,GABRG2,protein:CDBP01864,P18507,GABA-A gamma-2,1.0-a7d05067088ee5b8,1489,0,0,no_join_found,No structure join in supplied SAIR projection; not biological absence
geranial,SN0419383-01,CC(C)=CCC/C(C)=C/C=O,DRD1,protein:CDBP04812,P21728,D1 dopamine receptor,1.0-a7d05067088ee5b8,1489,0,0,no_join_found,No structure join in supplied SAIR projection; not biological absence
geranial,SN0419383-01,CC(C)=CCC/C(C)=C/C=O,DRD2,protein:CDBP01576,P14416,D2 dopamine receptor,1.0-a7d05067088ee5b8,1489,0,0,no_join_found,No structure join in supplied SAIR projection; not biological absence
geranial,SN0419383-01,CC(C)=CCC/C(C)=C/C=O,CHRM2,protein:CDBP04814,P08172,muscarinic acetylcholine receptor M2,1.0-a7d05067088ee5b8,1489,0,0,no_join_found,No structure join in supplied SAIR projection; not biological absence
geranial,SN0419383-01,CC(C)=CCC/C(C)=C/C=O,OPRM1,protein:CDBP02036,P35372,mu opioid receptor,1.0-a7d05067088ee5b8,1489,0,0,no_join_found,No structure join in supplied SAIR projection; not biological absence
geranial,SN0419383-01,CC(C)=CCC/C(C)=C/C=O,CNR1,protein:CDBP04807,P21554,CB1 cannabinoid receptor,1.0-a7d05067088ee5b8,1489,0,0,no_join_found,No structure join in supplied SAIR projection; not biological absence
geranial,SN0419383-01,CC(C)=CCC/C(C)=C/C=O,TRPA1,protein:CDBP04867,O75762,TRPA1 sensory-neural channel,1.0-a7d05067088ee5b8,1489,0,0,no_join_found,No structure join in supplied SAIR projection; not biological absence
geranial,SN0419383-01,CC(C)=CCC/C(C)=C/C=O,TRPM8,protein:CDBP01847,Q7Z2W7,TRPM8 sensory channel,1.0-a7d05067088ee5b8,1489,0,0,no_join_found,No structure join in supplied SAIR projection; not biological absence
geranial,SN0419383-01,CC(C)=CCC/C(C)=C/C=O,TRPV1,protein:CDBP01848,Q8NER1,TRPV1 sensory channel,1.0-a7d05067088ee5b8,1489,0,0,no_join_found,No structure join in supplied SAIR projection; not biological absence
geranial,SN0419383-01,CC(C)=CCC/C(C)=C/C=O,GRIN1,protein:CDBP01515,Q05586,NMDA receptor subunit 1,1.0-a7d05067088ee5b8,1489,0,0,no_join_found,No structure join in supplied SAIR projection; not biological absence
geranial,SN0419383-01,CC(C)=CCC/C(C)=C/C=O,SLC6A4,protein:CDBP01822,P31645,serotonin transporter,1.0-a7d05067088ee5b8,1489,0,0,no_join_found,No structure join in supplied SAIR projection; not biological absence
neral,SN0419383-02,CC(C)=CCC\C(C)=C/C=O,HTR1A,protein:CDBP01994,P08908,5-HT1A serotonin receptor,1.0-a7d05067088ee5b8,1489,0,0,no_join_found,No structure join in supplied SAIR projection; not biological absence
neral,SN0419383-02,CC(C)=CCC\C(C)=C/C=O,HTR2A,protein:CDBP02043,P28223,5-HT2A serotonin receptor,1.0-a7d05067088ee5b8,1489,0,0,no_join_found,No structure join in supplied SAIR projection; not biological absence
neral,SN0419383-02,CC(C)=CCC\C(C)=C/C=O,HTR2C,protein:CDBP02060,P28335,5-HT2C serotonin receptor,1.0-a7d05067088ee5b8,1489,0,0,no_join_found,No structure join in supplied SAIR projection; not biological absence
neral,SN0419383-02,CC(C)=CCC\C(C)=C/C=O,HTR3A,protein:CDBP02156,P46098,5-HT3A serotonin receptor,1.0-a7d05067088ee5b8,1489,0,0,no_join_found,No structure join in supplied SAIR projection; not biological absence
neral,SN0419383-02,CC(C)=CCC\C(C)=C/C=O,HTR7,protein:CDBP01867,P34969,5-HT7 serotonin receptor,1.0-a7d05067088ee5b8,1489,0,0,no_join_found,No structure join in supplied SAIR projection; not biological absence
neral,SN0419383-02,CC(C)=CCC\C(C)=C/C=O,GABRA1,protein:CDBP03412,P14867,GABA-A alpha-1,1.0-a7d05067088ee5b8,1489,0,0,no_join_found,No structure join in supplied SAIR projection; not biological absence
neral,SN0419383-02,CC(C)=CCC\C(C)=C/C=O,GABRA2,protein:CDBP03413,P47869,GABA-A alpha-2,1.0-a7d05067088ee5b8,1489,0,0,no_join_found,No structure join in supplied SAIR projection; not biological absence
neral,SN0419383-02,CC(C)=CCC\C(C)=C/C=O,GABRB2,protein:CDBP03419,P47870,GABA-A beta-2,1.0-a7d05067088ee5b8,1489,0,0,no_join_found,No structure join in supplied SAIR projection; not biological absence
neral,SN0419383-02,CC(C)=CCC\C(C)=C/C=O,GABRG2,protein:CDBP01864,P18507,GABA-A gamma-2,1.0-a7d05067088ee5b8,1489,0,0,no_join_found,No structure join in supplied SAIR projection; not biological absence
neral,SN0419383-02,CC(C)=CCC\C(C)=C/C=O,DRD1,protein:CDBP04812,P21728,D1 dopamine receptor,1.0-a7d05067088ee5b8,1489,0,0,no_join_found,No structure join in supplied SAIR projection; not biological absence
neral,SN0419383-02,CC(C)=CCC\C(C)=C/C=O,DRD2,protein:CDBP01576,P14416,D2 dopamine receptor,1.0-a7d05067088ee5b8,1489,0,0,no_join_found,No structure join in supplied SAIR projection; not biological absence
neral,SN0419383-02,CC(C)=CCC\C(C)=C/C=O,CHRM2,protein:CDBP04814,P08172,muscarinic acetylcholine receptor M2,1.0-a7d05067088ee5b8,1489,0,0,no_join_found,No structure join in supplied SAIR projection; not biological absence
neral,SN0419383-02,CC(C)=CCC\C(C)=C/C=O,OPRM1,protein:CDBP02036,P35372,mu opioid receptor,1.0-a7d05067088ee5b8,1489,0,0,no_join_found,No structure join in supplied SAIR projection; not biological absence
neral,SN0419383-02,CC(C)=CCC\C(C)=C/C=O,CNR1,protein:CDBP04807,P21554,CB1 cannabinoid receptor,1.0-a7d05067088ee5b8,1489,0,0,no_join_found,No structure join in supplied SAIR projection; not biological absence
neral,SN0419383-02,CC(C)=CCC\C(C)=C/C=O,TRPA1,protein:CDBP04867,O75762,TRPA1 sensory-neural channel,1.0-a7d05067088ee5b8,1489,0,0,no_join_found,No structure join in supplied SAIR projection; not biological absence
neral,SN0419383-02,CC(C)=CCC\C(C)=C/C=O,TRPM8,protein:CDBP01847,Q7Z2W7,TRPM8 sensory channel,1.0-a7d05067088ee5b8,1489,0,0,no_join_found,No structure join in supplied SAIR projection; not biological absence
neral,SN0419383-02,CC(C)=CCC\C(C)=C/C=O,TRPV1,protein:CDBP01848,Q8NER1,TRPV1 sensory channel,1.0-a7d05067088ee5b8,1489,0,0,no_join_found,No structure join in supplied SAIR projection; not biological absence
neral,SN0419383-02,CC(C)=CCC\C(C)=C/C=O,GRIN1,protein:CDBP01515,Q05586,NMDA receptor subunit 1,1.0-a7d05067088ee5b8,1489,0,0,no_join_found,No structure join in supplied SAIR projection; not biological absence
neral,SN0419383-02,CC(C)=CCC\C(C)=C/C=O,SLC6A4,protein:CDBP01822,P31645,serotonin transporter,1.0-a7d05067088ee5b8,1489,0,0,no_join_found,No structure join in supplied SAIR projection; not biological absence
beta-caryophyllene,SN0251863-14,CC1=CCCC(=C)[C@H]2CC(C)(C)[C@@H]2CC1,HTR1A,protein:CDBP01994,P08908,5-HT1A serotonin receptor,1.0-a7d05067088ee5b8,1489,0,0,no_join_found,No structure join in supplied SAIR projection; not biological absence
beta-caryophyllene,SN0251863-14,CC1=CCCC(=C)[C@H]2CC(C)(C)[C@@H]2CC1,HTR2A,protein:CDBP02043,P28223,5-HT2A serotonin receptor,1.0-a7d05067088ee5b8,1489,0,0,no_join_found,No structure join in supplied SAIR projection; not biological absence
beta-caryophyllene,SN0251863-14,CC1=CCCC(=C)[C@H]2CC(C)(C)[C@@H]2CC1,HTR2C,protein:CDBP02060,P28335,5-HT2C serotonin receptor,1.0-a7d05067088ee5b8,1489,0,0,no_join_found,No structure join in supplied SAIR projection; not biological absence
beta-caryophyllene,SN0251863-14,CC1=CCCC(=C)[C@H]2CC(C)(C)[C@@H]2CC1,HTR3A,protein:CDBP02156,P46098,5-HT3A serotonin receptor,1.0-a7d05067088ee5b8,1489,0,0,no_join_found,No structure join in supplied SAIR projection; not biological absence
beta-caryophyllene,SN0251863-14,CC1=CCCC(=C)[C@H]2CC(C)(C)[C@@H]2CC1,HTR7,protein:CDBP01867,P34969,5-HT7 serotonin receptor,1.0-a7d05067088ee5b8,1489,0,0,no_join_found,No structure join in supplied SAIR projection; not biological absence
beta-caryophyllene,SN0251863-14,CC1=CCCC(=C)[C@H]2CC(C)(C)[C@@H]2CC1,GABRA1,protein:CDBP03412,P14867,GABA-A alpha-1,1.0-a7d05067088ee5b8,1489,0,0,no_join_found,No structure join in supplied SAIR projection; not biological absence
beta-caryophyllene,SN0251863-14,CC1=CCCC(=C)[C@H]2CC(C)(C)[C@@H]2CC1,GABRA2,protein:CDBP03413,P47869,GABA-A alpha-2,1.0-a7d05067088ee5b8,1489,0,0,no_join_found,No structure join in supplied SAIR projection; not biological absence
beta-caryophyllene,SN0251863-14,CC1=CCCC(=C)[C@H]2CC(C)(C)[C@@H]2CC1,GABRB2,protein:CDBP03419,P47870,GABA-A beta-2,1.0-a7d05067088ee5b8,1489,0,0,no_join_found,No structure join in supplied SAIR projection; not biological absence
beta-caryophyllene,SN0251863-14,CC1=CCCC(=C)[C@H]2CC(C)(C)[C@@H]2CC1,GABRG2,protein:CDBP01864,P18507,GABA-A gamma-2,1.0-a7d05067088ee5b8,1489,0,0,no_join_found,No structure join in supplied SAIR projection; not biological absence
beta-caryophyllene,SN0251863-14,CC1=CCCC(=C)[C@H]2CC(C)(C)[C@@H]2CC1,DRD1,protein:CDBP04812,P21728,D1 dopamine receptor,1.0-a7d05067088ee5b8,1489,0,0,no_join_found,No structure join in supplied SAIR projection; not biological absence
beta-caryophyllene,SN0251863-14,CC1=CCCC(=C)[C@H]2CC(C)(C)[C@@H]2CC1,DRD2,protein:CDBP01576,P14416,D2 dopamine receptor,1.0-a7d05067088ee5b8,1489,0,0,no_join_found,No structure join in supplied SAIR projection; not biological absence
beta-caryophyllene,SN0251863-14,CC1=CCCC(=C)[C@H]2CC(C)(C)[C@@H]2CC1,CHRM2,protein:CDBP04814,P08172,muscarinic acetylcholine receptor M2,1.0-a7d05067088ee5b8,1489,0,0,no_join_found,No structure join in supplied SAIR projection; not biological absence
beta-caryophyllene,SN0251863-14,CC1=CCCC(=C)[C@H]2CC(C)(C)[C@@H]2CC1,OPRM1,protein:CDBP02036,P35372,mu opioid receptor,1.0-a7d05067088ee5b8,1489,0,0,no_join_found,No structure join in supplied SAIR projection; not biological absence
beta-caryophyllene,SN0251863-14,CC1=CCCC(=C)[C@H]2CC(C)(C)[C@@H]2CC1,CNR1,protein:CDBP04807,P21554,CB1 cannabinoid receptor,1.0-a7d05067088ee5b8,1489,0,0,no_join_found,No structure join in supplied SAIR projection; not biological absence
beta-caryophyllene,SN0251863-14,CC1=CCCC(=C)[C@H]2CC(C)(C)[C@@H]2CC1,TRPA1,protein:CDBP04867,O75762,TRPA1 sensory-neural channel,1.0-a7d05067088ee5b8,1489,0,0,no_join_found,No structure join in supplied SAIR projection; not biological absence
beta-caryophyllene,SN0251863-14,CC1=CCCC(=C)[C@H]2CC(C)(C)[C@@H]2CC1,TRPM8,protein:CDBP01847,Q7Z2W7,TRPM8 sensory channel,1.0-a7d05067088ee5b8,1489,0,0,no_join_found,No structure join in supplied SAIR projection; not biological absence
beta-caryophyllene,SN0251863-14,CC1=CCCC(=C)[C@H]2CC(C)(C)[C@@H]2CC1,TRPV1,protein:CDBP01848,Q8NER1,TRPV1 sensory channel,1.0-a7d05067088ee5b8,1489,0,0,no_join_found,No structure join in supplied SAIR projection; not biological absence
beta-caryophyllene,SN0251863-14,CC1=CCCC(=C)[C@H]2CC(C)(C)[C@@H]2CC1,GRIN1,protein:CDBP01515,Q05586,NMDA receptor subunit 1,1.0-a7d05067088ee5b8,1489,0,0,no_join_found,No structure join in supplied SAIR projection; not biological absence
beta-caryophyllene,SN0251863-14,CC1=CCCC(=C)[C@H]2CC(C)(C)[C@@H]2CC1,SLC6A4,protein:CDBP01822,P31645,serotonin transporter,1.0-a7d05067088ee5b8,1489,0,0,no_join_found,No structure join in supplied SAIR projection; not biological absence
gamma-himachalene,SN0295822-03,CC1=C[C@@H]2[C@H](CC1)C(=CCCC2(C)C)C,HTR1A,protein:CDBP01994,P08908,5-HT1A serotonin receptor,1.0-a7d05067088ee5b8,1489,0,0,no_join_found,No structure join in supplied SAIR projection; not biological absence
gamma-himachalene,SN0295822-03,CC1=C[C@@H]2[C@H](CC1)C(=CCCC2(C)C)C,HTR2A,protein:CDBP02043,P28223,5-HT2A serotonin receptor,1.0-a7d05067088ee5b8,1489,0,0,no_join_found,No structure join in supplied SAIR projection; not biological absence
gamma-himachalene,SN0295822-03,CC1=C[C@@H]2[C@H](CC1)C(=CCCC2(C)C)C,HTR2C,protein:CDBP02060,P28335,5-HT2C serotonin receptor,1.0-a7d05067088ee5b8,1489,0,0,no_join_found,No structure join in supplied SAIR projection; not biological absence
gamma-himachalene,SN0295822-03,CC1=C[C@@H]2[C@H](CC1)C(=CCCC2(C)C)C,HTR3A,protein:CDBP02156,P46098,5-HT3A serotonin receptor,1.0-a7d05067088ee5b8,1489,0,0,no_join_found,No structure join in supplied SAIR projection; not biological absence
gamma-himachalene,SN0295822-03,CC1=C[C@@H]2[C@H](CC1)C(=CCCC2(C)C)C,HTR7,protein:CDBP01867,P34969,5-HT7 serotonin receptor,1.0-a7d05067088ee5b8,1489,0,0,no_join_found,No structure join in supplied SAIR projection; not biological absence
gamma-himachalene,SN0295822-03,CC1=C[C@@H]2[C@H](CC1)C(=CCCC2(C)C)C,GABRA1,protein:CDBP03412,P14867,GABA-A alpha-1,1.0-a7d05067088ee5b8,1489,0,0,no_join_found,No structure join in supplied SAIR projection; not biological absence
gamma-himachalene,SN0295822-03,CC1=C[C@@H]2[C@H](CC1)C(=CCCC2(C)C)C,GABRA2,protein:CDBP03413,P47869,GABA-A alpha-2,1.0-a7d05067088ee5b8,1489,0,0,no_join_found,No structure join in supplied SAIR projection; not biological absence
gamma-himachalene,SN0295822-03,CC1=C[C@@H]2[C@H](CC1)C(=CCCC2(C)C)C,GABRB2,protein:CDBP03419,P47870,GABA-A beta-2,1.0-a7d05067088ee5b8,1489,0,0,no_join_found,No structure join in supplied SAIR projection; not biological absence
gamma-himachalene,SN0295822-03,CC1=C[C@@H]2[C@H](CC1)C(=CCCC2(C)C)C,GABRG2,protein:CDBP01864,P18507,GABA-A gamma-2,1.0-a7d05067088ee5b8,1489,0,0,no_join_found,No structure join in supplied SAIR projection; not biological absence
gamma-himachalene,SN0295822-03,CC1=C[C@@H]2[C@H](CC1)C(=CCCC2(C)C)C,DRD1,protein:CDBP04812,P21728,D1 dopamine receptor,1.0-a7d05067088ee5b8,1489,0,0,no_join_found,No structure join in supplied SAIR projection; not biological absence
gamma-himachalene,SN0295822-03,CC1=C[C@@H]2[C@H](CC1)C(=CCCC2(C)C)C,DRD2,protein:CDBP01576,P14416,D2 dopamine receptor,1.0-a7d05067088ee5b8,1489,0,0,no_join_found,No structure join in supplied SAIR projection; not biological absence
gamma-himachalene,SN0295822-03,CC1=C[C@@H]2[C@H](CC1)C(=CCCC2(C)C)C,CHRM2,protein:CDBP04814,P08172,muscarinic acetylcholine receptor M2,1.0-a7d05067088ee5b8,1489,0,0,no_join_found,No structure join in supplied SAIR projection; not biological absence
gamma-himachalene,SN0295822-03,CC1=C[C@@H]2[C@H](CC1)C(=CCCC2(C)C)C,OPRM1,protein:CDBP02036,P35372,mu opioid receptor,1.0-a7d05067088ee5b8,1489,0,0,no_join_found,No structure join in supplied SAIR projection; not biological absence
gamma-himachalene,SN0295822-03,CC1=C[C@@H]2[C@H](CC1)C(=CCCC2(C)C)C,CNR1,protein:CDBP04807,P21554,CB1 cannabinoid receptor,1.0-a7d05067088ee5b8,1489,0,0,no_join_found,No structure join in supplied SAIR projection; not biological absence
gamma-himachalene,SN0295822-03,CC1=C[C@@H]2[C@H](CC1)C(=CCCC2(C)C)C,TRPA1,protein:CDBP04867,O75762,TRPA1 sensory-neural channel,1.0-a7d05067088ee5b8,1489,0,0,no_join_found,No structure join in supplied SAIR projection; not biological absence
gamma-himachalene,SN0295822-03,CC1=C[C@@H]2[C@H](CC1)C(=CCCC2(C)C)C,TRPM8,protein:CDBP01847,Q7Z2W7,TRPM8 sensory channel,1.0-a7d05067088ee5b8,1489,0,0,no_join_found,No structure join in supplied SAIR projection; not biological absence
gamma-himachalene,SN0295822-03,CC1=C[C@@H]2[C@H](CC1)C(=CCCC2(C)C)C,TRPV1,protein:CDBP01848,Q8NER1,TRPV1 sensory channel,1.0-a7d05067088ee5b8,1489,0,0,no_join_found,No structure join in supplied SAIR projection; not biological absence
gamma-himachalene,SN0295822-03,CC1=C[C@@H]2[C@H](CC1)C(=CCCC2(C)C)C,GRIN1,protein:CDBP01515,Q05586,NMDA receptor subunit 1,1.0-a7d05067088ee5b8,1489,0,0,no_join_found,No structure join in supplied SAIR projection; not biological absence
gamma-himachalene,SN0295822-03,CC1=C[C@@H]2[C@H](CC1)C(=CCCC2(C)C)C,SLC6A4,protein:CDBP01822,P31645,serotonin transporter,1.0-a7d05067088ee5b8,1489,0,0,no_join_found,No structure join in supplied SAIR projection; not biological absence
spathulenol,SN0093583,CC1(O)CCC2C1C3C(CCC2=C)C3(C)C,HTR1A,protein:CDBP01994,P08908,5-HT1A serotonin receptor,1.0-a7d05067088ee5b8,1489,0,0,no_join_found,No structure join in supplied SAIR projection; not biological absence
spathulenol,SN0093583,CC1(O)CCC2C1C3C(CCC2=C)C3(C)C,HTR2A,protein:CDBP02043,P28223,5-HT2A serotonin receptor,1.0-a7d05067088ee5b8,1489,0,0,no_join_found,No structure join in supplied SAIR projection; not biological absence
spathulenol,SN0093583,CC1(O)CCC2C1C3C(CCC2=C)C3(C)C,HTR2C,protein:CDBP02060,P28335,5-HT2C serotonin receptor,1.0-a7d05067088ee5b8,1489,0,0,no_join_found,No structure join in supplied SAIR projection; not biological absence
spathulenol,SN0093583,CC1(O)CCC2C1C3C(CCC2=C)C3(C)C,HTR3A,protein:CDBP02156,P46098,5-HT3A serotonin receptor,1.0-a7d05067088ee5b8,1489,0,0,no_join_found,No structure join in supplied SAIR projection; not biological absence
spathulenol,SN0093583,CC1(O)CCC2C1C3C(CCC2=C)C3(C)C,HTR7,protein:CDBP01867,P34969,5-HT7 serotonin receptor,1.0-a7d05067088ee5b8,1489,0,0,no_join_found,No structure join in supplied SAIR projection; not biological absence
spathulenol,SN0093583,CC1(O)CCC2C1C3C(CCC2=C)C3(C)C,GABRA1,protein:CDBP03412,P14867,GABA-A alpha-1,1.0-a7d05067088ee5b8,1489,0,0,no_join_found,No structure join in supplied SAIR projection; not biological absence
spathulenol,SN0093583,CC1(O)CCC2C1C3C(CCC2=C)C3(C)C,GABRA2,protein:CDBP03413,P47869,GABA-A alpha-2,1.0-a7d05067088ee5b8,1489,0,0,no_join_found,No structure join in supplied SAIR projection; not biological absence
spathulenol,SN0093583,CC1(O)CCC2C1C3C(CCC2=C)C3(C)C,GABRB2,protein:CDBP03419,P47870,GABA-A beta-2,1.0-a7d05067088ee5b8,1489,0,0,no_join_found,No structure join in supplied SAIR projection; not biological absence
spathulenol,SN0093583,CC1(O)CCC2C1C3C(CCC2=C)C3(C)C,GABRG2,protein:CDBP01864,P18507,GABA-A gamma-2,1.0-a7d05067088ee5b8,1489,0,0,no_join_found,No structure join in supplied SAIR projection; not biological absence
spathulenol,SN0093583,CC1(O)CCC2C1C3C(CCC2=C)C3(C)C,DRD1,protein:CDBP04812,P21728,D1 dopamine receptor,1.0-a7d05067088ee5b8,1489,0,0,no_join_found,No structure join in supplied SAIR projection; not biological absence
spathulenol,SN0093583,CC1(O)CCC2C1C3C(CCC2=C)C3(C)C,DRD2,protein:CDBP01576,P14416,D2 dopamine receptor,1.0-a7d05067088ee5b8,1489,0,0,no_join_found,No structure join in supplied SAIR projection; not biological absence
spathulenol,SN0093583,CC1(O)CCC2C1C3C(CCC2=C)C3(C)C,CHRM2,protein:CDBP04814,P08172,muscarinic acetylcholine receptor M2,1.0-a7d05067088ee5b8,1489,0,0,no_join_found,No structure join in supplied SAIR projection; not biological absence
spathulenol,SN0093583,CC1(O)CCC2C1C3C(CCC2=C)C3(C)C,OPRM1,protein:CDBP02036,P35372,mu opioid receptor,1.0-a7d05067088ee5b8,1489,0,0,no_join_found,No structure join in supplied SAIR projection; not biological absence
spathulenol,SN0093583,CC1(O)CCC2C1C3C(CCC2=C)C3(C)C,CNR1,protein:CDBP04807,P21554,CB1 cannabinoid receptor,1.0-a7d05067088ee5b8,1489,0,0,no_join_found,No structure join in supplied SAIR projection; not biological absence
spathulenol,SN0093583,CC1(O)CCC2C1C3C(CCC2=C)C3(C)C,TRPA1,protein:CDBP04867,O75762,TRPA1 sensory-neural channel,1.0-a7d05067088ee5b8,1489,0,0,no_join_found,No structure join in supplied SAIR projection; not biological absence
spathulenol,SN0093583,CC1(O)CCC2C1C3C(CCC2=C)C3(C)C,TRPM8,protein:CDBP01847,Q7Z2W7,TRPM8 sensory channel,1.0-a7d05067088ee5b8,1489,0,0,no_join_found,No structure join in supplied SAIR projection; not biological absence
spathulenol,SN0093583,CC1(O)CCC2C1C3C(CCC2=C)C3(C)C,TRPV1,protein:CDBP01848,Q8NER1,TRPV1 sensory channel,1.0-a7d05067088ee5b8,1489,0,0,no_join_found,No structure join in supplied SAIR projection; not biological absence
spathulenol,SN0093583,CC1(O)CCC2C1C3C(CCC2=C)C3(C)C,GRIN1,protein:CDBP01515,Q05586,NMDA receptor subunit 1,1.0-a7d05067088ee5b8,1489,0,0,no_join_found,No structure join in supplied SAIR projection; not biological absence
spathulenol,SN0093583,CC1(O)CCC2C1C3C(CCC2=C)C3(C)C,SLC6A4,protein:CDBP01822,P31645,serotonin transporter,1.0-a7d05067088ee5b8,1489,0,0,no_join_found,No structure join in supplied SAIR projection; not biological absence
rosmarinic acid,SN0071428,OC(=O)C(Cc1ccc(O)c(O)c1)OC(=O)C=Cc2ccc(O)c(O)c2,HTR1A,protein:CDBP01994,P08908,5-HT1A serotonin receptor,1.0-a7d05067088ee5b8,1489,0,0,no_join_found,No structure join in supplied SAIR projection; not biological absence
rosmarinic acid,SN0071428,OC(=O)C(Cc1ccc(O)c(O)c1)OC(=O)C=Cc2ccc(O)c(O)c2,HTR2A,protein:CDBP02043,P28223,5-HT2A serotonin receptor,1.0-a7d05067088ee5b8,1489,0,0,no_join_found,No structure join in supplied SAIR projection; not biological absence
rosmarinic acid,SN0071428,OC(=O)C(Cc1ccc(O)c(O)c1)OC(=O)C=Cc2ccc(O)c(O)c2,HTR2C,protein:CDBP02060,P28335,5-HT2C serotonin receptor,1.0-a7d05067088ee5b8,1489,0,0,no_join_found,No structure join in supplied SAIR projection; not biological absence
rosmarinic acid,SN0071428,OC(=O)C(Cc1ccc(O)c(O)c1)OC(=O)C=Cc2ccc(O)c(O)c2,HTR3A,protein:CDBP02156,P46098,5-HT3A serotonin receptor,1.0-a7d05067088ee5b8,1489,0,0,no_join_found,No structure join in supplied SAIR projection; not biological absence
rosmarinic acid,SN0071428,OC(=O)C(Cc1ccc(O)c(O)c1)OC(=O)C=Cc2ccc(O)c(O)c2,HTR7,protein:CDBP01867,P34969,5-HT7 serotonin receptor,1.0-a7d05067088ee5b8,1489,0,0,no_join_found,No structure join in supplied SAIR projection; not biological absence
rosmarinic acid,SN0071428,OC(=O)C(Cc1ccc(O)c(O)c1)OC(=O)C=Cc2ccc(O)c(O)c2,GABRA1,protein:CDBP03412,P14867,GABA-A alpha-1,1.0-a7d05067088ee5b8,1489,0,0,no_join_found,No structure join in supplied SAIR projection; not biological absence
rosmarinic acid,SN0071428,OC(=O)C(Cc1ccc(O)c(O)c1)OC(=O)C=Cc2ccc(O)c(O)c2,GABRA2,protein:CDBP03413,P47869,GABA-A alpha-2,1.0-a7d05067088ee5b8,1489,0,0,no_join_found,No structure join in supplied SAIR projection; not biological absence
rosmarinic acid,SN0071428,OC(=O)C(Cc1ccc(O)c(O)c1)OC(=O)C=Cc2ccc(O)c(O)c2,GABRB2,protein:CDBP03419,P47870,GABA-A beta-2,1.0-a7d05067088ee5b8,1489,0,0,no_join_found,No structure join in supplied SAIR projection; not biological absence
rosmarinic acid,SN0071428,OC(=O)C(Cc1ccc(O)c(O)c1)OC(=O)C=Cc2ccc(O)c(O)c2,GABRG2,protein:CDBP01864,P18507,GABA-A gamma-2,1.0-a7d05067088ee5b8,1489,0,0,no_join_found,No structure join in supplied SAIR projection; not biological absence
rosmarinic acid,SN0071428,OC(=O)C(Cc1ccc(O)c(O)c1)OC(=O)C=Cc2ccc(O)c(O)c2,DRD1,protein:CDBP04812,P21728,D1 dopamine receptor,1.0-a7d05067088ee5b8,1489,0,0,no_join_found,No structure join in supplied SAIR projection; not biological absence
rosmarinic acid,SN0071428,OC(=O)C(Cc1ccc(O)c(O)c1)OC(=O)C=Cc2ccc(O)c(O)c2,DRD2,protein:CDBP01576,P14416,D2 dopamine receptor,1.0-a7d05067088ee5b8,1489,0,0,no_join_found,No structure join in supplied SAIR projection; not biological absence
rosmarinic acid,SN0071428,OC(=O)C(Cc1ccc(O)c(O)c1)OC(=O)C=Cc2ccc(O)c(O)c2,CHRM2,protein:CDBP04814,P08172,muscarinic acetylcholine receptor M2,1.0-a7d05067088ee5b8,1489,0,0,no_join_found,No structure join in supplied SAIR projection; not biological absence
rosmarinic acid,SN0071428,OC(=O)C(Cc1ccc(O)c(O)c1)OC(=O)C=Cc2ccc(O)c(O)c2,OPRM1,protein:CDBP02036,P35372,mu opioid receptor,1.0-a7d05067088ee5b8,1489,0,0,no_join_found,No structure join in supplied SAIR projection; not biological absence
rosmarinic acid,SN0071428,OC(=O)C(Cc1ccc(O)c(O)c1)OC(=O)C=Cc2ccc(O)c(O)c2,CNR1,protein:CDBP04807,P21554,CB1 cannabinoid receptor,1.0-a7d05067088ee5b8,1489,0,0,no_join_found,No structure join in supplied SAIR projection; not biological absence
rosmarinic acid,SN0071428,OC(=O)C(Cc1ccc(O)c(O)c1)OC(=O)C=Cc2ccc(O)c(O)c2,TRPA1,protein:CDBP04867,O75762,TRPA1 sensory-neural channel,1.0-a7d05067088ee5b8,1489,0,0,no_join_found,No structure join in supplied SAIR projection; not biological absence
rosmarinic acid,SN0071428,OC(=O)C(Cc1ccc(O)c(O)c1)OC(=O)C=Cc2ccc(O)c(O)c2,TRPM8,protein:CDBP01847,Q7Z2W7,TRPM8 sensory channel,1.0-a7d05067088ee5b8,1489,0,0,no_join_found,No structure join in supplied SAIR projection; not biological absence
rosmarinic acid,SN0071428,OC(=O)C(Cc1ccc(O)c(O)c1)OC(=O)C=Cc2ccc(O)c(O)c2,TRPV1,protein:CDBP01848,Q8NER1,TRPV1 sensory channel,1.0-a7d05067088ee5b8,1489,0,0,no_join_found,No structure join in supplied SAIR projection; not biological absence
rosmarinic acid,SN0071428,OC(=O)C(Cc1ccc(O)c(O)c1)OC(=O)C=Cc2ccc(O)c(O)c2,GRIN1,protein:CDBP01515,Q05586,NMDA receptor subunit 1,1.0-a7d05067088ee5b8,1489,0,0,no_join_found,No structure join in supplied SAIR projection; not biological absence
rosmarinic acid,SN0071428,OC(=O)C(Cc1ccc(O)c(O)c1)OC(=O)C=Cc2ccc(O)c(O)c2,SLC6A4,protein:CDBP01822,P31645,serotonin transporter,1.0-a7d05067088ee5b8,1489,0,0,no_join_found,No structure join in supplied SAIR projection; not biological absence
